online user,# Spark workers,#VMs,size of data,Amount of memory of workers,# cores of workers,total memory of VMs,#cores of VMs,Ave response time
5,1,1,100 KB,14 GB,4,64 GB,16,2.731890525
5,1,1,100 KB,14 GB,4,64 GB,16,1.198356028
5,1,1,100 KB,14 GB,4,64 GB,16,1.030895163
5,1,1,100 KB,14 GB,4,64 GB,16,0.876040236
5,1,1,100 KB,14 GB,4,64 GB,16,0.831473873
5,1,1,100 KB,14 GB,4,64 GB,16,0.768431072
5,1,1,100 KB,14 GB,4,64 GB,16,0.753287498
5,1,1,100 KB,14 GB,4,64 GB,16,0.722745353
5,1,1,100 KB,14 GB,4,64 GB,16,0.71088118
5,1,1,100 KB,14 GB,4,64 GB,16,0.69164789
5,1,1,100 KB,14 GB,4,64 GB,16,0.682096435
5,1,1,100 KB,14 GB,4,64 GB,16,0.668134143
5,1,1,100 KB,14 GB,4,64 GB,16,0.659674048
5,1,1,100 KB,14 GB,4,64 GB,16,0.647952762
5,1,1,100 KB,14 GB,4,64 GB,16,0.643159673
5,1,1,100 KB,14 GB,4,64 GB,16,0.635283965
5,1,1,100 KB,14 GB,4,64 GB,16,0.63119558
5,1,1,100 KB,14 GB,4,64 GB,16,0.624498119
5,1,1,100 KB,14 GB,4,64 GB,16,0.622034773
15,1,1,100 KB,14 GB,4,64 GB,16,0.662451834
15,1,1,100 KB,14 GB,4,64 GB,16,0.688402312
15,1,1,100 KB,14 GB,4,64 GB,16,0.731893437
15,1,1,100 KB,14 GB,4,64 GB,16,0.748979592
15,1,1,100 KB,14 GB,4,64 GB,16,0.785497615
15,1,1,100 KB,14 GB,4,64 GB,16,0.801976067
15,1,1,100 KB,14 GB,4,64 GB,16,0.827727826
15,1,1,100 KB,14 GB,4,64 GB,16,0.838410713
15,1,1,100 KB,14 GB,4,64 GB,16,0.860702927
15,1,1,100 KB,14 GB,4,64 GB,16,0.870542014
15,1,1,100 KB,14 GB,4,64 GB,16,0.888741892
15,1,1,100 KB,14 GB,4,64 GB,16,0.896056053
15,1,1,100 KB,14 GB,4,64 GB,16,0.912183074
15,1,1,100 KB,14 GB,4,64 GB,16,0.917223325
15,1,1,100 KB,14 GB,4,64 GB,16,0.930030487
15,1,1,100 KB,14 GB,4,64 GB,16,0.936470378
15,1,1,100 KB,14 GB,4,64 GB,16,0.948740853
15,1,1,100 KB,14 GB,4,64 GB,16,0.954093051
15,1,1,100 KB,14 GB,4,64 GB,16,0.964180579
15,1,1,100 KB,14 GB,4,64 GB,16,0.967126704
20,1,1,100 KB,14 GB,4,64 GB,16,0.985125051
20,1,1,100 KB,14 GB,4,64 GB,16,0.995488709
20,1,1,100 KB,14 GB,4,64 GB,16,1.015804089
20,1,1,100 KB,14 GB,4,64 GB,16,1.02699842
20,1,1,100 KB,14 GB,4,64 GB,16,1.047671048
20,1,1,100 KB,14 GB,4,64 GB,16,1.056117333
20,1,1,100 KB,14 GB,4,64 GB,16,1.071738172
20,1,1,100 KB,14 GB,4,64 GB,16,1.079533991
20,1,1,100 KB,14 GB,4,64 GB,16,1.096079096
20,1,1,100 KB,14 GB,4,64 GB,16,1.105906588
20,1,1,100 KB,14 GB,4,64 GB,16,1.119401216
20,1,1,100 KB,14 GB,4,64 GB,16,1.125785613
20,1,1,100 KB,14 GB,4,64 GB,16,1.136501854
20,1,1,100 KB,14 GB,4,64 GB,16,1.141288241
20,1,1,100 KB,14 GB,4,64 GB,16,1.152153613
20,1,1,100 KB,14 GB,4,64 GB,16,1.158535053
20,1,1,100 KB,14 GB,4,64 GB,16,1.168392518
20,1,1,100 KB,14 GB,4,64 GB,16,1.173924795
20,1,1,100 KB,14 GB,4,64 GB,16,1.183604365
20,1,1,100 KB,14 GB,4,64 GB,16,1.187620274
5,1,1,100 KB,14 GB,4,64 GB,16,1.182188149
5,1,1,100 KB,14 GB,4,64 GB,16,1.176454112
5,1,1,100 KB,14 GB,4,64 GB,16,1.165971507
5,1,1,100 KB,14 GB,4,64 GB,16,1.160446166
5,1,1,100 KB,14 GB,4,64 GB,16,1.149777577
5,1,1,100 KB,14 GB,4,64 GB,16,1.144718007
5,1,1,100 KB,14 GB,4,64 GB,16,1.134589253
5,1,1,100 KB,14 GB,4,64 GB,16,1.129274158
5,1,1,100 KB,14 GB,4,64 GB,16,1.119341516
5,1,1,100 KB,14 GB,4,64 GB,16,1.115141813
5,1,1,100 KB,14 GB,4,64 GB,16,1.106026206
5,1,1,100 KB,14 GB,4,64 GB,16,1.101525376
5,1,1,100 KB,14 GB,4,64 GB,16,1.092040856
5,1,1,100 KB,14 GB,4,64 GB,16,1.087662796
5,1,1,100 KB,14 GB,4,64 GB,16,1.07914134
5,1,1,100 KB,14 GB,4,64 GB,16,1.075073159
5,1,1,100 KB,14 GB,4,64 GB,16,1.067190756
5,1,1,100 KB,14 GB,4,64 GB,16,1.062988956
5,1,1,100 KB,14 GB,4,64 GB,16,1.055040581
5,1,1,100 KB,14 GB,4,64 GB,16,1.051288157
10,1,1,100 KB,14 GB,4,64 GB,16,1.046608909
10,1,1,100 KB,14 GB,4,64 GB,16,1.044877643
10,1,1,100 KB,14 GB,4,64 GB,16,1.043286239
10,1,1,100 KB,14 GB,4,64 GB,16,1.042310491
10,1,1,100 KB,14 GB,4,64 GB,16,1.040539796
10,1,1,100 KB,14 GB,4,64 GB,16,1.039282694
10,1,1,100 KB,14 GB,4,64 GB,16,1.036468666
10,1,1,100 KB,14 GB,4,64 GB,16,1.035092321
10,1,1,100 KB,14 GB,4,64 GB,16,1.031649004
10,1,1,100 KB,14 GB,4,64 GB,16,1.030463293
10,1,1,100 KB,14 GB,4,64 GB,16,1.027516125
10,1,1,100 KB,14 GB,4,64 GB,16,1.026335684
10,1,1,100 KB,14 GB,4,64 GB,16,1.023559044
10,1,1,100 KB,14 GB,4,64 GB,16,1.022143007
10,1,1,100 KB,14 GB,4,64 GB,16,1.01877103
10,1,1,100 KB,14 GB,4,64 GB,16,1.017391951
10,1,1,100 KB,14 GB,4,64 GB,16,1.014574354
10,1,1,100 KB,14 GB,4,64 GB,16,1.012945222
10,1,1,100 KB,14 GB,4,64 GB,16,1.010427044
10,1,1,100 KB,14 GB,4,64 GB,16,1.008705072
5,1,1,100 KB,14 GB,4,64 GB,16,1.003883056
5,1,1,100 KB,14 GB,4,64 GB,16,1.00125034
5,1,1,100 KB,14 GB,4,64 GB,16,0.996361232
5,1,1,100 KB,14 GB,4,64 GB,16,0.993912203
5,1,1,100 KB,14 GB,4,64 GB,16,0.989092339
5,1,1,100 KB,14 GB,4,64 GB,16,0.98671935
5,1,1,100 KB,14 GB,4,64 GB,16,0.981999271
5,1,1,100 KB,14 GB,4,64 GB,16,0.979686336
5,1,1,100 KB,14 GB,4,64 GB,16,0.975138708
5,1,1,100 KB,14 GB,4,64 GB,16,0.972833258
5,1,1,100 KB,14 GB,4,64 GB,16,0.96843267
5,1,1,100 KB,14 GB,4,64 GB,16,0.966299845
5,1,1,100 KB,14 GB,4,64 GB,16,0.962222334
5,1,1,100 KB,14 GB,4,64 GB,16,0.959938783
5,1,1,100 KB,14 GB,4,64 GB,16,0.95595191
5,1,1,100 KB,14 GB,4,64 GB,16,0.953624967
5,1,1,100 KB,14 GB,4,64 GB,16,0.949612963
5,1,1,100 KB,14 GB,4,64 GB,16,0.9476771
5,1,1,100 KB,14 GB,4,64 GB,16,0.94401465
5,1,1,100 KB,14 GB,4,64 GB,16,0.942386125
5,1,1,100 KB,14 GB,4,64 GB,16,0.94107582
5,2,1,100 KB,28 GB,8,64 GB,16,3.941712626
5,2,1,100 KB,28 GB,8,64 GB,16,1.421439269
5,2,1,100 KB,28 GB,8,64 GB,16,1.165633238
5,2,1,100 KB,28 GB,8,64 GB,16,0.960812717
5,2,1,100 KB,28 GB,8,64 GB,16,0.90145717
5,2,1,100 KB,28 GB,8,64 GB,16,0.824505307
5,2,1,100 KB,28 GB,8,64 GB,16,0.794823037
5,2,1,100 KB,28 GB,8,64 GB,16,0.756175567
5,2,1,100 KB,28 GB,8,64 GB,16,0.743667935
5,2,1,100 KB,28 GB,8,64 GB,16,0.723984063
5,2,1,100 KB,28 GB,8,64 GB,16,0.714308689
5,2,1,100 KB,28 GB,8,64 GB,16,0.699538504
5,2,1,100 KB,28 GB,8,64 GB,16,0.694005626
5,2,1,100 KB,28 GB,8,64 GB,16,0.679994417
5,2,1,100 KB,28 GB,8,64 GB,16,0.673260905
5,2,1,100 KB,28 GB,8,64 GB,16,0.661790412
5,2,1,100 KB,28 GB,8,64 GB,16,0.655756294
5,2,1,100 KB,28 GB,8,64 GB,16,0.647923358
5,2,1,100 KB,28 GB,8,64 GB,16,0.64450151
15,2,1,100 KB,28 GB,8,64 GB,16,0.67910796
15,2,1,100 KB,28 GB,8,64 GB,16,0.701397717
15,2,1,100 KB,28 GB,8,64 GB,16,0.741563649
15,2,1,100 KB,28 GB,8,64 GB,16,0.75822963
15,2,1,100 KB,28 GB,8,64 GB,16,0.78673185
15,2,1,100 KB,28 GB,8,64 GB,16,0.802106565
15,2,1,100 KB,28 GB,8,64 GB,16,0.828211007
15,2,1,100 KB,28 GB,8,64 GB,16,0.840031645
15,2,1,100 KB,28 GB,8,64 GB,16,0.861188207
15,2,1,100 KB,28 GB,8,64 GB,16,0.871729306
15,2,1,100 KB,28 GB,8,64 GB,16,0.888615935
15,2,1,100 KB,28 GB,8,64 GB,16,0.896344187
15,2,1,100 KB,28 GB,8,64 GB,16,0.909257399
15,2,1,100 KB,28 GB,8,64 GB,16,0.916085817
15,2,1,100 KB,28 GB,8,64 GB,16,0.927486403
15,2,1,100 KB,28 GB,8,64 GB,16,0.933074985
15,2,1,100 KB,28 GB,8,64 GB,16,0.943011438
15,2,1,100 KB,28 GB,8,64 GB,16,0.947500166
15,2,1,100 KB,28 GB,8,64 GB,16,0.95544594
15,2,1,100 KB,28 GB,8,64 GB,16,0.958447661
20,2,1,100 KB,28 GB,8,64 GB,16,0.973961691
20,2,1,100 KB,28 GB,8,64 GB,16,0.985158933
20,2,1,100 KB,28 GB,8,64 GB,16,1.005495749
20,2,1,100 KB,28 GB,8,64 GB,16,1.014667792
20,2,1,100 KB,28 GB,8,64 GB,16,1.034500556
20,2,1,100 KB,28 GB,8,64 GB,16,1.043313697
20,2,1,100 KB,28 GB,8,64 GB,16,1.060221782
20,2,1,100 KB,28 GB,8,64 GB,16,1.068630864
20,2,1,100 KB,28 GB,8,64 GB,16,1.083229871
20,2,1,100 KB,28 GB,8,64 GB,16,1.093139796
20,2,1,100 KB,28 GB,8,64 GB,16,1.107942382
20,2,1,100 KB,28 GB,8,64 GB,16,1.113737877
20,2,1,100 KB,28 GB,8,64 GB,16,1.12600594
20,2,1,100 KB,28 GB,8,64 GB,16,1.131725305
20,2,1,100 KB,28 GB,8,64 GB,16,1.142365247
20,2,1,100 KB,28 GB,8,64 GB,16,1.146757431
20,2,1,100 KB,28 GB,8,64 GB,16,1.155256124
20,2,1,100 KB,28 GB,8,64 GB,16,1.15935217
20,2,1,100 KB,28 GB,8,64 GB,16,1.169199128
20,2,1,100 KB,28 GB,8,64 GB,16,1.173996856
5,2,1,100 KB,28 GB,8,64 GB,16,1.170663633
5,2,1,100 KB,28 GB,8,64 GB,16,1.165029905
5,2,1,100 KB,28 GB,8,64 GB,16,1.153653222
5,2,1,100 KB,28 GB,8,64 GB,16,1.14768962
5,2,1,100 KB,28 GB,8,64 GB,16,1.13701433
5,2,1,100 KB,28 GB,8,64 GB,16,1.132396768
5,2,1,100 KB,28 GB,8,64 GB,16,1.123225977
5,2,1,100 KB,28 GB,8,64 GB,16,1.118528821
5,2,1,100 KB,28 GB,8,64 GB,16,1.109932905
5,2,1,100 KB,28 GB,8,64 GB,16,1.105972637
5,2,1,100 KB,28 GB,8,64 GB,16,1.097682591
5,2,1,100 KB,28 GB,8,64 GB,16,1.09329728
5,2,1,100 KB,28 GB,8,64 GB,16,1.084857326
5,2,1,100 KB,28 GB,8,64 GB,16,1.080971654
5,2,1,100 KB,28 GB,8,64 GB,16,1.073023959
5,2,1,100 KB,28 GB,8,64 GB,16,1.069391927
5,2,1,100 KB,28 GB,8,64 GB,16,1.062591433
5,2,1,100 KB,28 GB,8,64 GB,16,1.059438938
5,2,1,100 KB,28 GB,8,64 GB,16,1.052443031
5,2,1,100 KB,28 GB,8,64 GB,16,1.049180454
10,2,1,100 KB,28 GB,8,64 GB,16,1.044030462
10,2,1,100 KB,28 GB,8,64 GB,16,1.042425383
10,2,1,100 KB,28 GB,8,64 GB,16,1.038623549
10,2,1,100 KB,28 GB,8,64 GB,16,1.036785058
10,2,1,100 KB,28 GB,8,64 GB,16,1.033720573
10,2,1,100 KB,28 GB,8,64 GB,16,1.032632559
10,2,1,100 KB,28 GB,8,64 GB,16,1.030312452
10,2,1,100 KB,28 GB,8,64 GB,16,1.029247194
10,2,1,100 KB,28 GB,8,64 GB,16,1.025981407
10,2,1,100 KB,28 GB,8,64 GB,16,1.024211148
10,2,1,100 KB,28 GB,8,64 GB,16,1.020313005
10,2,1,100 KB,28 GB,8,64 GB,16,1.019010276
10,2,1,100 KB,28 GB,8,64 GB,16,1.016886854
10,2,1,100 KB,28 GB,8,64 GB,16,1.015908
10,2,1,100 KB,28 GB,8,64 GB,16,1.013702074
10,2,1,100 KB,28 GB,8,64 GB,16,1.012536284
10,2,1,100 KB,28 GB,8,64 GB,16,1.009879772
10,2,1,100 KB,28 GB,8,64 GB,16,1.008059119
10,2,1,100 KB,28 GB,8,64 GB,16,1.005003345
10,2,1,100 KB,28 GB,8,64 GB,16,1.003259757
5,2,1,100 KB,28 GB,8,64 GB,16,0.998733959
5,2,1,100 KB,28 GB,8,64 GB,16,0.996140292
5,2,1,100 KB,28 GB,8,64 GB,16,0.991207463
5,2,1,100 KB,28 GB,8,64 GB,16,0.98883969
5,2,1,100 KB,28 GB,8,64 GB,16,0.98437745
5,2,1,100 KB,28 GB,8,64 GB,16,0.982130213
5,2,1,100 KB,28 GB,8,64 GB,16,0.977904803
5,2,1,100 KB,28 GB,8,64 GB,16,0.975538911
5,2,1,100 KB,28 GB,8,64 GB,16,0.971165476
5,2,1,100 KB,28 GB,8,64 GB,16,0.968786364
5,2,1,100 KB,28 GB,8,64 GB,16,0.964230687
5,2,1,100 KB,28 GB,8,64 GB,16,0.962306204
5,2,1,100 KB,28 GB,8,64 GB,16,0.95805133
5,2,1,100 KB,28 GB,8,64 GB,16,0.955967469
5,2,1,100 KB,28 GB,8,64 GB,16,0.952118865
5,2,1,100 KB,28 GB,8,64 GB,16,0.95032246
5,2,1,100 KB,28 GB,8,64 GB,16,0.946861469
5,2,1,100 KB,28 GB,8,64 GB,16,0.944927093
5,2,1,100 KB,28 GB,8,64 GB,16,0.941049333
5,2,1,100 KB,28 GB,8,64 GB,16,0.939308263
5,2,1,100 KB,28 GB,8,64 GB,16,0.937341356
5,2,1,100 KB,28 GB,8,64 GB,16,0.937341356
5,3,1,100 KB,42 GB,12,64 GB,16,17.20540485
5,3,1,100 KB,42 GB,12,64 GB,16,1.652287446
5,3,1,100 KB,42 GB,12,64 GB,16,1.328581166
5,3,1,100 KB,42 GB,12,64 GB,16,1.013402562
5,3,1,100 KB,42 GB,12,64 GB,16,0.935744003
5,3,1,100 KB,42 GB,12,64 GB,16,0.850998644
5,3,1,100 KB,42 GB,12,64 GB,16,0.819854959
5,3,1,100 KB,42 GB,12,64 GB,16,0.777756896
5,3,1,100 KB,42 GB,12,64 GB,16,0.759456768
5,3,1,100 KB,42 GB,12,64 GB,16,0.73398285
5,3,1,100 KB,42 GB,12,64 GB,16,0.727903089
5,3,1,100 KB,42 GB,12,64 GB,16,0.711952722
5,3,1,100 KB,42 GB,12,64 GB,16,0.705558982
5,3,1,100 KB,42 GB,12,64 GB,16,0.69306309
5,3,1,100 KB,42 GB,12,64 GB,16,0.685311044
5,3,1,100 KB,42 GB,12,64 GB,16,0.675070316
5,3,1,100 KB,42 GB,12,64 GB,16,0.671893983
5,3,1,100 KB,42 GB,12,64 GB,16,0.666126336
5,3,1,100 KB,42 GB,12,64 GB,16,0.662255362
15,3,1,100 KB,42 GB,12,64 GB,16,0.67994357
15,3,1,100 KB,42 GB,12,64 GB,16,0.710590884
15,3,1,100 KB,42 GB,12,64 GB,16,0.757338546
15,3,1,100 KB,42 GB,12,64 GB,16,0.779934222
15,3,1,100 KB,42 GB,12,64 GB,16,0.818913012
15,3,1,100 KB,42 GB,12,64 GB,16,0.833948622
15,3,1,100 KB,42 GB,12,64 GB,16,0.860361106
15,3,1,100 KB,42 GB,12,64 GB,16,0.873735637
15,3,1,100 KB,42 GB,12,64 GB,16,0.895210182
15,3,1,100 KB,42 GB,12,64 GB,16,0.904791102
15,3,1,100 KB,42 GB,12,64 GB,16,0.924673384
15,3,1,100 KB,42 GB,12,64 GB,16,0.933601373
15,3,1,100 KB,42 GB,12,64 GB,16,0.949506804
15,3,1,100 KB,42 GB,12,64 GB,16,0.957224276
15,3,1,100 KB,42 GB,12,64 GB,16,0.969339191
15,3,1,100 KB,42 GB,12,64 GB,16,0.974176155
15,3,1,100 KB,42 GB,12,64 GB,16,0.984050755
15,3,1,100 KB,42 GB,12,64 GB,16,0.988512
15,3,1,100 KB,42 GB,12,64 GB,16,0.997760199
15,3,1,100 KB,42 GB,12,64 GB,16,1.003916816
20,3,1,100 KB,42 GB,12,64 GB,16,1.018347102
20,3,1,100 KB,42 GB,12,64 GB,16,1.030026773
20,3,1,100 KB,42 GB,12,64 GB,16,1.051573808
20,3,1,100 KB,42 GB,12,64 GB,16,1.061834608
20,3,1,100 KB,42 GB,12,64 GB,16,1.079724608
20,3,1,100 KB,42 GB,12,64 GB,16,1.088658566
20,3,1,100 KB,42 GB,12,64 GB,16,1.109874445
20,3,1,100 KB,42 GB,12,64 GB,16,1.121941516
20,3,1,100 KB,42 GB,12,64 GB,16,1.137166453
20,3,1,100 KB,42 GB,12,64 GB,16,1.144053795
20,3,1,100 KB,42 GB,12,64 GB,16,1.157602405
20,3,1,100 KB,42 GB,12,64 GB,16,1.163652675
20,3,1,100 KB,42 GB,12,64 GB,16,1.172874059
20,3,1,100 KB,42 GB,12,64 GB,16,1.177503121
20,3,1,100 KB,42 GB,12,64 GB,16,1.188302456
20,3,1,100 KB,42 GB,12,64 GB,16,1.192810434
20,3,1,100 KB,42 GB,12,64 GB,16,1.201922945
20,3,1,100 KB,42 GB,12,64 GB,16,1.207028279
20,3,1,100 KB,42 GB,12,64 GB,16,1.215085312
20,3,1,100 KB,42 GB,12,64 GB,16,1.218749754
5,3,1,100 KB,42 GB,12,64 GB,16,1.218545669
5,3,1,100 KB,42 GB,12,64 GB,16,1.212246489
5,3,1,100 KB,42 GB,12,64 GB,16,1.199612136
5,3,1,100 KB,42 GB,12,64 GB,16,1.193676989
5,3,1,100 KB,42 GB,12,64 GB,16,1.182587063
5,3,1,100 KB,42 GB,12,64 GB,16,1.176995295
5,3,1,100 KB,42 GB,12,64 GB,16,1.167138961
5,3,1,100 KB,42 GB,12,64 GB,16,1.162364691
5,3,1,100 KB,42 GB,12,64 GB,16,1.153114358
5,3,1,100 KB,42 GB,12,64 GB,16,1.149021781
5,3,1,100 KB,42 GB,12,64 GB,16,1.13900512
5,3,1,100 KB,42 GB,12,64 GB,16,1.134233203
5,3,1,100 KB,42 GB,12,64 GB,16,1.124159842
5,3,1,100 KB,42 GB,12,64 GB,16,1.119524902
5,3,1,100 KB,42 GB,12,64 GB,16,1.11038383
5,3,1,100 KB,42 GB,12,64 GB,16,1.106074802
5,3,1,100 KB,42 GB,12,64 GB,16,1.097633072
5,3,1,100 KB,42 GB,12,64 GB,16,1.093664979
5,3,1,100 KB,42 GB,12,64 GB,16,1.085904726
5,3,1,100 KB,42 GB,12,64 GB,16,1.082194951
10,3,1,100 KB,42 GB,12,64 GB,16,1.075528199
10,3,1,100 KB,42 GB,12,64 GB,16,1.073069687
10,3,1,100 KB,42 GB,12,64 GB,16,1.068829781
10,3,1,100 KB,42 GB,12,64 GB,16,1.067109691
10,3,1,100 KB,42 GB,12,64 GB,16,1.062503789
10,3,1,100 KB,42 GB,12,64 GB,16,1.060836927
10,3,1,100 KB,42 GB,12,64 GB,16,1.057229496
10,3,1,100 KB,42 GB,12,64 GB,16,1.055631379
10,3,1,100 KB,42 GB,12,64 GB,16,1.052289758
10,3,1,100 KB,42 GB,12,64 GB,16,1.050752356
10,3,1,100 KB,42 GB,12,64 GB,16,1.047359137
10,3,1,100 KB,42 GB,12,64 GB,16,1.045503801
10,3,1,100 KB,42 GB,12,64 GB,16,1.042090809
10,3,1,100 KB,42 GB,12,64 GB,16,1.040249757
10,3,1,100 KB,42 GB,12,64 GB,16,1.036819192
10,3,1,100 KB,42 GB,12,64 GB,16,1.035369682
10,3,1,100 KB,42 GB,12,64 GB,16,1.031952571
10,3,1,100 KB,42 GB,12,64 GB,16,1.030273594
10,3,1,100 KB,42 GB,12,64 GB,16,1.027180666
10,3,1,100 KB,42 GB,12,64 GB,16,1.026154727
5,3,1,100 KB,42 GB,12,64 GB,16,1.022602989
5,3,1,100 KB,42 GB,12,64 GB,16,1.019917013
5,3,1,100 KB,42 GB,12,64 GB,16,1.014471699
5,3,1,100 KB,42 GB,12,64 GB,16,1.011826125
5,3,1,100 KB,42 GB,12,64 GB,16,1.006330747
5,3,1,100 KB,42 GB,12,64 GB,16,1.003815479
5,3,1,100 KB,42 GB,12,64 GB,16,0.999146555
5,3,1,100 KB,42 GB,12,64 GB,16,0.996719268
5,3,1,100 KB,42 GB,12,64 GB,16,0.992376235
5,3,1,100 KB,42 GB,12,64 GB,16,0.990374844
5,3,1,100 KB,42 GB,12,64 GB,16,0.986301924
5,3,1,100 KB,42 GB,12,64 GB,16,0.984235352
5,3,1,100 KB,42 GB,12,64 GB,16,0.979944102
5,3,1,100 KB,42 GB,12,64 GB,16,0.977686292
5,3,1,100 KB,42 GB,12,64 GB,16,0.973254621
5,3,1,100 KB,42 GB,12,64 GB,16,0.97125196
5,3,1,100 KB,42 GB,12,64 GB,16,0.967215672
5,3,1,100 KB,42 GB,12,64 GB,16,0.965214036
5,3,1,100 KB,42 GB,12,64 GB,16,0.961493946
5,3,1,100 KB,42 GB,12,64 GB,16,0.959891631
5,3,1,100 KB,42 GB,12,64 GB,16,0.957489623
5,4,1,100 KB,56 GB,16,64 GB,16,19.36515398
5,4,1,100 KB,56 GB,16,64 GB,16,1.983140454
5,4,1,100 KB,56 GB,16,64 GB,16,1.550644585
5,4,1,100 KB,56 GB,16,64 GB,16,1.15543412
5,4,1,100 KB,56 GB,16,64 GB,16,1.056478116
5,4,1,100 KB,56 GB,16,64 GB,16,0.94042291
5,4,1,100 KB,56 GB,16,64 GB,16,0.907518975
5,4,1,100 KB,56 GB,16,64 GB,16,0.84241225
5,4,1,100 KB,56 GB,16,64 GB,16,0.820148612
5,4,1,100 KB,56 GB,16,64 GB,16,0.781052627
5,4,1,100 KB,56 GB,16,64 GB,16,0.767683686
5,4,1,100 KB,56 GB,16,64 GB,16,0.747933156
5,4,1,100 KB,56 GB,16,64 GB,16,0.739281951
5,4,1,100 KB,56 GB,16,64 GB,16,0.724378806
5,4,1,100 KB,56 GB,16,64 GB,16,0.716153188
5,4,1,100 KB,56 GB,16,64 GB,16,0.705518468
5,4,1,100 KB,56 GB,16,64 GB,16,0.699666003
5,4,1,100 KB,56 GB,16,64 GB,16,0.686649043
5,4,1,100 KB,56 GB,16,64 GB,16,0.681722095
15,4,1,100 KB,56 GB,16,64 GB,16,0.705656408
15,4,1,100 KB,56 GB,16,64 GB,16,0.734090345
15,4,1,100 KB,56 GB,16,64 GB,16,0.781175423
15,4,1,100 KB,56 GB,16,64 GB,16,0.800974737
15,4,1,100 KB,56 GB,16,64 GB,16,0.83571447
15,4,1,100 KB,56 GB,16,64 GB,16,0.851909632
15,4,1,100 KB,56 GB,16,64 GB,16,0.878592789
15,4,1,100 KB,56 GB,16,64 GB,16,0.890080232
15,4,1,100 KB,56 GB,16,64 GB,16,0.909888404
15,4,1,100 KB,56 GB,16,64 GB,16,0.916091328
15,4,1,100 KB,56 GB,16,64 GB,16,0.932476205
15,4,1,100 KB,56 GB,16,64 GB,16,0.942774421
15,4,1,100 KB,56 GB,16,64 GB,16,0.961730081
15,4,1,100 KB,56 GB,16,64 GB,16,0.969766776
15,4,1,100 KB,56 GB,16,64 GB,16,0.983205202
15,4,1,100 KB,56 GB,16,64 GB,16,0.988907461
15,4,1,100 KB,56 GB,16,64 GB,16,1.00014209
15,4,1,100 KB,56 GB,16,64 GB,16,1.005418565
15,4,1,100 KB,56 GB,16,64 GB,16,1.014300641
15,4,1,100 KB,56 GB,16,64 GB,16,1.018105975
20,4,1,100 KB,56 GB,16,64 GB,16,1.031379656
20,4,1,100 KB,56 GB,16,64 GB,16,1.043098465
20,4,1,100 KB,56 GB,16,64 GB,16,1.063340054
20,4,1,100 KB,56 GB,16,64 GB,16,1.073107583
20,4,1,100 KB,56 GB,16,64 GB,16,1.089568691
20,4,1,100 KB,56 GB,16,64 GB,16,1.097943263
20,4,1,100 KB,56 GB,16,64 GB,16,1.114970471
20,4,1,100 KB,56 GB,16,64 GB,16,1.123413585
20,4,1,100 KB,56 GB,16,64 GB,16,1.138585577
20,4,1,100 KB,56 GB,16,64 GB,16,1.145500163
20,4,1,100 KB,56 GB,16,64 GB,16,1.15781001
20,4,1,100 KB,56 GB,16,64 GB,16,1.165067695
20,4,1,100 KB,56 GB,16,64 GB,16,1.180056761
20,4,1,100 KB,56 GB,16,64 GB,16,1.185942567
20,4,1,100 KB,56 GB,16,64 GB,16,1.196731397
20,4,1,100 KB,56 GB,16,64 GB,16,1.202107659
20,4,1,100 KB,56 GB,16,64 GB,16,1.21280817
20,4,1,100 KB,56 GB,16,64 GB,16,1.217587086
20,4,1,100 KB,56 GB,16,64 GB,16,1.224787757
20,4,1,100 KB,56 GB,16,64 GB,16,1.228437771
5,4,1,100 KB,56 GB,16,64 GB,16,1.225684815
5,4,1,100 KB,56 GB,16,64 GB,16,1.219432571
5,4,1,100 KB,56 GB,16,64 GB,16,1.207629879
5,4,1,100 KB,56 GB,16,64 GB,16,1.202203909
5,4,1,100 KB,56 GB,16,64 GB,16,1.192036058
5,4,1,100 KB,56 GB,16,64 GB,16,1.186685481
5,4,1,100 KB,56 GB,16,64 GB,16,1.176149844
5,4,1,100 KB,56 GB,16,64 GB,16,1.171489846
5,4,1,100 KB,56 GB,16,64 GB,16,1.161740123
5,4,1,100 KB,56 GB,16,64 GB,16,1.156695284
5,4,1,100 KB,56 GB,16,64 GB,16,1.147382052
5,4,1,100 KB,56 GB,16,64 GB,16,1.142516261
5,4,1,100 KB,56 GB,16,64 GB,16,1.133414834
5,4,1,100 KB,56 GB,16,64 GB,16,1.128627188
5,4,1,100 KB,56 GB,16,64 GB,16,1.119854655
5,4,1,100 KB,56 GB,16,64 GB,16,1.11537057
5,4,1,100 KB,56 GB,16,64 GB,16,1.106891044
5,4,1,100 KB,56 GB,16,64 GB,16,1.103038871
5,4,1,100 KB,56 GB,16,64 GB,16,1.096336185
5,4,1,100 KB,56 GB,16,64 GB,16,1.093053377
10,4,1,100 KB,56 GB,16,64 GB,16,1.087036618
10,4,1,100 KB,56 GB,16,64 GB,16,1.085212291
10,4,1,100 KB,56 GB,16,64 GB,16,1.081129853
10,4,1,100 KB,56 GB,16,64 GB,16,1.07930499
10,4,1,100 KB,56 GB,16,64 GB,16,1.075666748
10,4,1,100 KB,56 GB,16,64 GB,16,1.073923976
10,4,1,100 KB,56 GB,16,64 GB,16,1.070336542
10,4,1,100 KB,56 GB,16,64 GB,16,1.067999422
10,4,1,100 KB,56 GB,16,64 GB,16,1.065144032
10,4,1,100 KB,56 GB,16,64 GB,16,1.063326056
10,4,1,100 KB,56 GB,16,64 GB,16,1.060535077
10,4,1,100 KB,56 GB,16,64 GB,16,1.058636373
10,4,1,100 KB,56 GB,16,64 GB,16,1.056335898
10,4,1,100 KB,56 GB,16,64 GB,16,1.055028614
10,4,1,100 KB,56 GB,16,64 GB,16,1.052654995
10,4,1,100 KB,56 GB,16,64 GB,16,1.051360891
10,4,1,100 KB,56 GB,16,64 GB,16,1.048891045
10,4,1,100 KB,56 GB,16,64 GB,16,1.047641656
10,4,1,100 KB,56 GB,16,64 GB,16,1.045489523
10,4,1,100 KB,56 GB,16,64 GB,16,1.04445471
5,4,1,100 KB,56 GB,16,64 GB,16,1.040524767
5,4,1,100 KB,56 GB,16,64 GB,16,1.037984871
5,4,1,100 KB,56 GB,16,64 GB,16,1.033147581
5,4,1,100 KB,56 GB,16,64 GB,16,1.030446993
5,4,1,100 KB,56 GB,16,64 GB,16,1.02584052
5,4,1,100 KB,56 GB,16,64 GB,16,1.023455816
5,4,1,100 KB,56 GB,16,64 GB,16,1.018865396
5,4,1,100 KB,56 GB,16,64 GB,16,1.016717376
5,4,1,100 KB,56 GB,16,64 GB,16,1.0121308
5,4,1,100 KB,56 GB,16,64 GB,16,1.009961695
5,4,1,100 KB,56 GB,16,64 GB,16,1.006014075
5,4,1,100 KB,56 GB,16,64 GB,16,1.003843322
5,4,1,100 KB,56 GB,16,64 GB,16,0.99925903
5,4,1,100 KB,56 GB,16,64 GB,16,0.996632732
5,4,1,100 KB,56 GB,16,64 GB,16,0.991638264
5,4,1,100 KB,56 GB,16,64 GB,16,0.989455288
5,4,1,100 KB,56 GB,16,64 GB,16,0.984671422
5,4,1,100 KB,56 GB,16,64 GB,16,0.982194459
5,4,1,100 KB,56 GB,16,64 GB,16,0.977917431
5,4,1,100 KB,56 GB,16,64 GB,16,0.975740297
5,4,1,100 KB,56 GB,16,64 GB,16,0.973517162
5,1,1,147 MB,14 GB,4,64 GB,16,58.48799071
5,1,1,147 MB,14 GB,4,64 GB,16,58.48799071
5,1,1,147 MB,14 GB,4,64 GB,16,58.48799071
5,1,1,147 MB,14 GB,4,64 GB,16,51.38557725
5,1,1,147 MB,14 GB,4,64 GB,16,51.38557725
5,1,1,147 MB,14 GB,4,64 GB,16,51.38557725
5,1,1,147 MB,14 GB,4,64 GB,16,48.72535232
5,1,1,147 MB,14 GB,4,64 GB,16,48.72535232
5,1,1,147 MB,14 GB,4,64 GB,16,48.72535232
5,1,1,147 MB,14 GB,4,64 GB,16,47.46574817
5,1,1,147 MB,14 GB,4,64 GB,16,47.46574817
5,1,1,147 MB,14 GB,4,64 GB,16,47.46574817
5,1,1,147 MB,14 GB,4,64 GB,16,46.73915644
5,1,1,147 MB,14 GB,4,64 GB,16,46.73915644
5,1,1,147 MB,14 GB,4,64 GB,16,46.73915644
5,1,1,147 MB,14 GB,4,64 GB,16,46.33756506
5,1,1,147 MB,14 GB,4,64 GB,16,46.33756506
5,1,1,147 MB,14 GB,4,64 GB,16,46.33756506
5,1,1,147 MB,14 GB,4,64 GB,16,45.95186743
5,1,1,147 MB,14 GB,4,64 GB,16,45.95186743
5,1,1,147 MB,14 GB,4,64 GB,16,45.95186743
5,1,1,147 MB,14 GB,4,64 GB,16,45.95186743
5,1,1,147 MB,14 GB,4,64 GB,16,45.95186743
5,1,1,147 MB,14 GB,4,64 GB,16,45.95186743
5,1,1,147 MB,14 GB,4,64 GB,16,45.95186743
5,1,1,147 MB,14 GB,4,64 GB,16,45.95186743
5,1,1,147 MB,14 GB,4,64 GB,16,45.95186743
15,1,1,147 MB,14 GB,4,64 GB,16,71.57389462
15,1,1,147 MB,14 GB,4,64 GB,16,71.57389462
15,1,1,147 MB,14 GB,4,64 GB,16,71.57389462
15,1,1,147 MB,14 GB,4,64 GB,16,71.57389462
15,1,1,147 MB,14 GB,4,64 GB,16,71.57389462
15,1,1,147 MB,14 GB,4,64 GB,16,71.57389462
15,1,1,147 MB,14 GB,4,64 GB,16,71.57389462
15,1,1,147 MB,14 GB,4,64 GB,16,71.57389462
15,1,1,147 MB,14 GB,4,64 GB,16,71.57389462
15,1,1,147 MB,14 GB,4,64 GB,16,85.1811024
15,1,1,147 MB,14 GB,4,64 GB,16,85.1811024
15,1,1,147 MB,14 GB,4,64 GB,16,85.1811024
15,1,1,147 MB,14 GB,4,64 GB,16,85.1811024
15,1,1,147 MB,14 GB,4,64 GB,16,85.1811024
15,1,1,147 MB,14 GB,4,64 GB,16,85.1811024
15,1,1,147 MB,14 GB,4,64 GB,16,85.1811024
15,1,1,147 MB,14 GB,4,64 GB,16,85.1811024
15,1,1,147 MB,14 GB,4,64 GB,16,93.95279449
15,1,1,147 MB,14 GB,4,64 GB,16,93.95279449
15,1,1,147 MB,14 GB,4,64 GB,16,93.95279449
15,1,1,147 MB,14 GB,4,64 GB,16,93.95279449
15,1,1,147 MB,14 GB,4,64 GB,16,93.95279449
15,1,1,147 MB,14 GB,4,64 GB,16,93.95279449
15,1,1,147 MB,14 GB,4,64 GB,16,93.95279449
15,1,1,147 MB,14 GB,4,64 GB,16,93.95279449
15,1,1,147 MB,14 GB,4,64 GB,16,93.95279449
15,1,1,147 MB,14 GB,4,64 GB,16,93.95279449
15,1,1,147 MB,14 GB,4,64 GB,16,93.95279449
15,1,1,147 MB,14 GB,4,64 GB,16,93.95279449
20,1,1,147 MB,14 GB,4,64 GB,16,110.2303935
20,1,1,147 MB,14 GB,4,64 GB,16,110.2303935
20,1,1,147 MB,14 GB,4,64 GB,16,110.2303935
20,1,1,147 MB,14 GB,4,64 GB,16,110.2303935
20,1,1,147 MB,14 GB,4,64 GB,16,110.2303935
20,1,1,147 MB,14 GB,4,64 GB,16,110.2303935
20,1,1,147 MB,14 GB,4,64 GB,16,110.2303935
20,1,1,147 MB,14 GB,4,64 GB,16,110.2303935
20,1,1,147 MB,14 GB,4,64 GB,16,110.2303935
20,1,1,147 MB,14 GB,4,64 GB,16,110.2303935
20,1,1,147 MB,14 GB,4,64 GB,16,110.2303935
20,1,1,147 MB,14 GB,4,64 GB,16,110.2303935
20,1,1,147 MB,14 GB,4,64 GB,16,121.0144359
20,1,1,147 MB,14 GB,4,64 GB,16,121.0144359
5,1,1,147 MB,14 GB,4,64 GB,16,117.9355751
5,1,1,147 MB,14 GB,4,64 GB,16,117.9355751
5,1,1,147 MB,14 GB,4,64 GB,16,117.9355751
5,1,1,147 MB,14 GB,4,64 GB,16,117.9355751
5,1,1,147 MB,14 GB,4,64 GB,16,115.0635016
5,1,1,147 MB,14 GB,4,64 GB,16,115.0635016
5,1,1,147 MB,14 GB,4,64 GB,16,112.4194943
5,1,1,147 MB,14 GB,4,64 GB,16,112.4194943
5,1,1,147 MB,14 GB,4,64 GB,16,112.4194943
5,1,1,147 MB,14 GB,4,64 GB,16,109.9537593
5,1,1,147 MB,14 GB,4,64 GB,16,109.9537593
5,1,1,147 MB,14 GB,4,64 GB,16,109.9537593
5,1,1,147 MB,14 GB,4,64 GB,16,107.6898186
5,1,1,147 MB,14 GB,4,64 GB,16,107.6898186
5,1,1,147 MB,14 GB,4,64 GB,16,107.6898186
5,1,1,147 MB,14 GB,4,64 GB,16,105.5664615
5,1,1,147 MB,14 GB,4,64 GB,16,105.5664615
5,1,1,147 MB,14 GB,4,64 GB,16,105.5664615
5,1,1,147 MB,14 GB,4,64 GB,16,103.5923335
5,1,1,147 MB,14 GB,4,64 GB,16,103.5923335
5,1,1,147 MB,14 GB,4,64 GB,16,103.5923335
5,1,1,147 MB,14 GB,4,64 GB,16,103.5923335
5,1,1,147 MB,14 GB,4,64 GB,16,103.5923335
5,1,1,147 MB,14 GB,4,64 GB,16,103.5923335
10,1,1,147 MB,14 GB,4,64 GB,16,102.5695079
10,1,1,147 MB,14 GB,4,64 GB,16,102.5695079
10,1,1,147 MB,14 GB,4,64 GB,16,102.5695079
10,1,1,147 MB,14 GB,4,64 GB,16,102.5695079
10,1,1,147 MB,14 GB,4,64 GB,16,102.5695079
10,1,1,147 MB,14 GB,4,64 GB,16,102.5695079
10,1,1,147 MB,14 GB,4,64 GB,16,101.6559044
10,1,1,147 MB,14 GB,4,64 GB,16,101.6559044
10,1,1,147 MB,14 GB,4,64 GB,16,101.6559044
10,1,1,147 MB,14 GB,4,64 GB,16,101.6559044
10,1,1,147 MB,14 GB,4,64 GB,16,101.6559044
10,1,1,147 MB,14 GB,4,64 GB,16,101.6559044
10,1,1,147 MB,14 GB,4,64 GB,16,100.8891032
10,1,1,147 MB,14 GB,4,64 GB,16,100.8891032
10,1,1,147 MB,14 GB,4,64 GB,16,100.8891032
10,1,1,147 MB,14 GB,4,64 GB,16,100.8891032
10,1,1,147 MB,14 GB,4,64 GB,16,100.8891032
10,1,1,147 MB,14 GB,4,64 GB,16,100.1594855
10,1,1,147 MB,14 GB,4,64 GB,16,100.1594855
10,1,1,147 MB,14 GB,4,64 GB,16,100.1594855
5,1,1,147 MB,14 GB,4,64 GB,16,98.72553666
5,1,1,147 MB,14 GB,4,64 GB,16,98.72553666
5,1,1,147 MB,14 GB,4,64 GB,16,98.72553666
5,1,1,147 MB,14 GB,4,64 GB,16,97.37513925
5,1,1,147 MB,14 GB,4,64 GB,16,97.37513925
5,1,1,147 MB,14 GB,4,64 GB,16,97.37513925
5,1,1,147 MB,14 GB,4,64 GB,16,96.09286251
5,1,1,147 MB,14 GB,4,64 GB,16,96.09286251
5,1,1,147 MB,14 GB,4,64 GB,16,96.09286251
5,1,1,147 MB,14 GB,4,64 GB,16,94.87272214
5,1,1,147 MB,14 GB,4,64 GB,16,94.87272214
5,1,1,147 MB,14 GB,4,64 GB,16,94.87272214
5,1,1,147 MB,14 GB,4,64 GB,16,93.70978085
5,1,1,147 MB,14 GB,4,64 GB,16,93.70978085
5,1,1,147 MB,14 GB,4,64 GB,16,93.70978085
5,1,1,147 MB,14 GB,4,64 GB,16,92.5919234
5,1,1,147 MB,14 GB,4,64 GB,16,92.5919234
5,1,1,147 MB,14 GB,4,64 GB,16,92.5919234
5,1,1,147 MB,14 GB,4,64 GB,16,91.5205979
5,2,1,147 MB,28 GB,8,64 GB,16,43.97147365
5,2,1,147 MB,28 GB,8,64 GB,16,43.97147365
5,2,1,147 MB,28 GB,8,64 GB,16,34.3205622
5,2,1,147 MB,28 GB,8,64 GB,16,30.81247651
5,2,1,147 MB,28 GB,8,64 GB,16,30.81247651
5,2,1,147 MB,28 GB,8,64 GB,16,28.96830043
5,2,1,147 MB,28 GB,8,64 GB,16,28.00153798
5,2,1,147 MB,28 GB,8,64 GB,16,28.00153798
5,2,1,147 MB,28 GB,8,64 GB,16,27.23895607
5,2,1,147 MB,28 GB,8,64 GB,16,27.23895607
5,2,1,147 MB,28 GB,8,64 GB,16,26.67711324
5,2,1,147 MB,28 GB,8,64 GB,16,26.18737515
5,2,1,147 MB,28 GB,8,64 GB,16,26.18737515
5,2,1,147 MB,28 GB,8,64 GB,16,25.82561328
5,2,1,147 MB,28 GB,8,64 GB,16,25.59699404
5,2,1,147 MB,28 GB,8,64 GB,16,25.59699404
5,2,1,147 MB,28 GB,8,64 GB,16,25.39684696
5,2,1,147 MB,28 GB,8,64 GB,16,25.39684696
5,2,1,147 MB,28 GB,8,64 GB,16,25.28776539
5,2,1,147 MB,28 GB,8,64 GB,16,25.28776539
5,2,1,147 MB,28 GB,8,64 GB,16,25.28776539
5,2,1,147 MB,28 GB,8,64 GB,16,25.28776539
15,2,1,147 MB,28 GB,8,64 GB,16,34.29515533
15,2,1,147 MB,28 GB,8,64 GB,16,34.29515533
15,2,1,147 MB,28 GB,8,64 GB,16,34.29515533
15,2,1,147 MB,28 GB,8,64 GB,16,34.29515533
15,2,1,147 MB,28 GB,8,64 GB,16,34.29515533
15,2,1,147 MB,28 GB,8,64 GB,16,40.25616446
15,2,1,147 MB,28 GB,8,64 GB,16,40.25616446
15,2,1,147 MB,28 GB,8,64 GB,16,40.25616446
15,2,1,147 MB,28 GB,8,64 GB,16,40.25616446
15,2,1,147 MB,28 GB,8,64 GB,16,40.25616446
15,2,1,147 MB,28 GB,8,64 GB,16,44.49223107
15,2,1,147 MB,28 GB,8,64 GB,16,44.49223107
15,2,1,147 MB,28 GB,8,64 GB,16,44.49223107
15,2,1,147 MB,28 GB,8,64 GB,16,44.49223107
15,2,1,147 MB,28 GB,8,64 GB,16,47.39225092
15,2,1,147 MB,28 GB,8,64 GB,16,47.39225092
15,2,1,147 MB,28 GB,8,64 GB,16,47.39225092
15,2,1,147 MB,28 GB,8,64 GB,16,47.39225092
15,2,1,147 MB,28 GB,8,64 GB,16,47.39225092
15,2,1,147 MB,28 GB,8,64 GB,16,50.01664711
15,2,1,147 MB,28 GB,8,64 GB,16,50.01664711
15,2,1,147 MB,28 GB,8,64 GB,16,50.01664711
15,2,1,147 MB,28 GB,8,64 GB,16,50.01664711
15,2,1,147 MB,28 GB,8,64 GB,16,50.01664711
15,2,1,147 MB,28 GB,8,64 GB,16,50.01664711
20,2,1,147 MB,28 GB,8,64 GB,16,55.49199904
20,2,1,147 MB,28 GB,8,64 GB,16,55.49199904
20,2,1,147 MB,28 GB,8,64 GB,16,55.49199904
20,2,1,147 MB,28 GB,8,64 GB,16,55.49199904
20,2,1,147 MB,28 GB,8,64 GB,16,55.49199904
20,2,1,147 MB,28 GB,8,64 GB,16,55.49199904
20,2,1,147 MB,28 GB,8,64 GB,16,59.63334208
20,2,1,147 MB,28 GB,8,64 GB,16,59.63334208
20,2,1,147 MB,28 GB,8,64 GB,16,59.63334208
20,2,1,147 MB,28 GB,8,64 GB,16,59.63334208
20,2,1,147 MB,28 GB,8,64 GB,16,59.63334208
20,2,1,147 MB,28 GB,8,64 GB,16,59.63334208
20,2,1,147 MB,28 GB,8,64 GB,16,59.63334208
20,2,1,147 MB,28 GB,8,64 GB,16,62.65788346
20,2,1,147 MB,28 GB,8,64 GB,16,62.65788346
20,2,1,147 MB,28 GB,8,64 GB,16,62.65788346
20,2,1,147 MB,28 GB,8,64 GB,16,62.65788346
20,2,1,147 MB,28 GB,8,64 GB,16,62.65788346
20,2,1,147 MB,28 GB,8,64 GB,16,62.65788346
20,2,1,147 MB,28 GB,8,64 GB,16,65.47117876
5,2,1,147 MB,28 GB,8,64 GB,16,64.51762461
5,2,1,147 MB,28 GB,8,64 GB,16,64.51762461
5,2,1,147 MB,28 GB,8,64 GB,16,63.63405261
5,2,1,147 MB,28 GB,8,64 GB,16,62.76373916
5,2,1,147 MB,28 GB,8,64 GB,16,62.76373916
5,2,1,147 MB,28 GB,8,64 GB,16,61.94603316
5,2,1,147 MB,28 GB,8,64 GB,16,61.94603316
5,2,1,147 MB,28 GB,8,64 GB,16,61.1342417
5,2,1,147 MB,28 GB,8,64 GB,16,60.3640694
5,2,1,147 MB,28 GB,8,64 GB,16,60.3640694
5,2,1,147 MB,28 GB,8,64 GB,16,59.61893529
5,2,1,147 MB,28 GB,8,64 GB,16,58.90479493
5,2,1,147 MB,28 GB,8,64 GB,16,58.90479493
5,2,1,147 MB,28 GB,8,64 GB,16,58.22892489
5,2,1,147 MB,28 GB,8,64 GB,16,58.22892489
5,2,1,147 MB,28 GB,8,64 GB,16,57.57431494
5,2,1,147 MB,28 GB,8,64 GB,16,56.95077089
5,2,1,147 MB,28 GB,8,64 GB,16,56.3310769
5,2,1,147 MB,28 GB,8,64 GB,16,56.3310769
5,2,1,147 MB,28 GB,8,64 GB,16,55.72707715
5,2,1,147 MB,28 GB,8,64 GB,16,55.72707715
5,2,1,147 MB,28 GB,8,64 GB,16,55.72707715
10,2,1,147 MB,28 GB,8,64 GB,16,55.39534964
10,2,1,147 MB,28 GB,8,64 GB,16,55.39534964
10,2,1,147 MB,28 GB,8,64 GB,16,55.39534964
10,2,1,147 MB,28 GB,8,64 GB,16,55.07387125
10,2,1,147 MB,28 GB,8,64 GB,16,55.07387125
10,2,1,147 MB,28 GB,8,64 GB,16,55.07387125
10,2,1,147 MB,28 GB,8,64 GB,16,55.07387125
10,2,1,147 MB,28 GB,8,64 GB,16,54.80629048
10,2,1,147 MB,28 GB,8,64 GB,16,54.80629048
10,2,1,147 MB,28 GB,8,64 GB,16,54.52794907
10,2,1,147 MB,28 GB,8,64 GB,16,54.52794907
10,2,1,147 MB,28 GB,8,64 GB,16,54.52794907
10,2,1,147 MB,28 GB,8,64 GB,16,54.52794907
10,2,1,147 MB,28 GB,8,64 GB,16,54.33597419
10,2,1,147 MB,28 GB,8,64 GB,16,54.33597419
10,2,1,147 MB,28 GB,8,64 GB,16,54.33597419
10,2,1,147 MB,28 GB,8,64 GB,16,54.13270669
10,2,1,147 MB,28 GB,8,64 GB,16,54.13270669
10,2,1,147 MB,28 GB,8,64 GB,16,54.13270669
10,2,1,147 MB,28 GB,8,64 GB,16,53.88312166
10,2,1,147 MB,28 GB,8,64 GB,16,53.88312166
5,2,1,147 MB,28 GB,8,64 GB,16,53.45403497
5,2,1,147 MB,28 GB,8,64 GB,16,53.04022997
5,2,1,147 MB,28 GB,8,64 GB,16,53.04022997
5,2,1,147 MB,28 GB,8,64 GB,16,52.64225732
5,2,1,147 MB,28 GB,8,64 GB,16,52.2504035
5,2,1,147 MB,28 GB,8,64 GB,16,52.2504035
5,2,1,147 MB,28 GB,8,64 GB,16,51.86823747
5,2,1,147 MB,28 GB,8,64 GB,16,51.86823747
5,2,1,147 MB,28 GB,8,64 GB,16,51.4937941
5,2,1,147 MB,28 GB,8,64 GB,16,51.13381905
5,2,1,147 MB,28 GB,8,64 GB,16,50.77009471
5,3,1,147 MB,42 GB,12,64 GB,16,35.63541222
5,3,1,147 MB,42 GB,12,64 GB,16,26.60157595
5,3,1,147 MB,42 GB,12,64 GB,16,23.02768415
5,3,1,147 MB,42 GB,12,64 GB,16,21.22236345
5,3,1,147 MB,42 GB,12,64 GB,16,20.30947769
5,3,1,147 MB,42 GB,12,64 GB,16,19.71615388
5,3,1,147 MB,42 GB,12,64 GB,16,19.26892937
5,3,1,147 MB,42 GB,12,64 GB,16,19.26892937
5,3,1,147 MB,42 GB,12,64 GB,16,18.52452047
5,3,1,147 MB,42 GB,12,64 GB,16,18.52452047
5,3,1,147 MB,42 GB,12,64 GB,16,18.29622378
5,3,1,147 MB,42 GB,12,64 GB,16,18.15247326
5,3,1,147 MB,42 GB,12,64 GB,16,18.02631956
5,3,1,147 MB,42 GB,12,64 GB,16,17.90568452
5,3,1,147 MB,42 GB,12,64 GB,16,17.77440962
5,3,1,147 MB,42 GB,12,64 GB,16,17.64225665
5,3,1,147 MB,42 GB,12,64 GB,16,17.5241504
5,3,1,147 MB,42 GB,12,64 GB,16,17.4470219
5,3,1,147 MB,42 GB,12,64 GB,16,17.39576649
5,3,1,147 MB,42 GB,12,64 GB,16,17.39576649
5,3,1,147 MB,42 GB,12,64 GB,16,17.39576649
5,3,1,147 MB,42 GB,12,64 GB,16,17.39576649
15,3,1,147 MB,42 GB,12,64 GB,16,21.63204931
15,3,1,147 MB,42 GB,12,64 GB,16,21.63204931
15,3,1,147 MB,42 GB,12,64 GB,16,21.63204931
15,3,1,147 MB,42 GB,12,64 GB,16,24.904815
15,3,1,147 MB,42 GB,12,64 GB,16,24.904815
15,3,1,147 MB,42 GB,12,64 GB,16,24.904815
15,3,1,147 MB,42 GB,12,64 GB,16,27.44194426
15,3,1,147 MB,42 GB,12,64 GB,16,27.44194426
15,3,1,147 MB,42 GB,12,64 GB,16,27.44194426
15,3,1,147 MB,42 GB,12,64 GB,16,29.42792756
15,3,1,147 MB,42 GB,12,64 GB,16,29.42792756
15,3,1,147 MB,42 GB,12,64 GB,16,29.42792756
15,3,1,147 MB,42 GB,12,64 GB,16,31.0559724
15,3,1,147 MB,42 GB,12,64 GB,16,31.0559724
15,3,1,147 MB,42 GB,12,64 GB,16,31.0559724
15,3,1,147 MB,42 GB,12,64 GB,16,31.0559724
15,3,1,147 MB,42 GB,12,64 GB,16,32.42482757
15,3,1,147 MB,42 GB,12,64 GB,16,32.42482757
15,3,1,147 MB,42 GB,12,64 GB,16,33.54653689
15,3,1,147 MB,42 GB,12,64 GB,16,33.54653689
15,3,1,147 MB,42 GB,12,64 GB,16,33.54653689
15,3,1,147 MB,42 GB,12,64 GB,16,33.54653689
15,3,1,147 MB,42 GB,12,64 GB,16,33.54653689
20,3,1,147 MB,42 GB,12,64 GB,16,36.30856972
20,3,1,147 MB,42 GB,12,64 GB,16,36.30856972
20,3,1,147 MB,42 GB,12,64 GB,16,36.30856972
20,3,1,147 MB,42 GB,12,64 GB,16,36.30856972
20,3,1,147 MB,42 GB,12,64 GB,16,38.48807188
20,3,1,147 MB,42 GB,12,64 GB,16,38.48807188
20,3,1,147 MB,42 GB,12,64 GB,16,38.48807188
20,3,1,147 MB,42 GB,12,64 GB,16,38.48807188
20,3,1,147 MB,42 GB,12,64 GB,16,40.43955086
20,3,1,147 MB,42 GB,12,64 GB,16,40.43955086
20,3,1,147 MB,42 GB,12,64 GB,16,40.43955086
20,3,1,147 MB,42 GB,12,64 GB,16,40.43955086
20,3,1,147 MB,42 GB,12,64 GB,16,40.43955086
20,3,1,147 MB,42 GB,12,64 GB,16,42.12210793
20,3,1,147 MB,42 GB,12,64 GB,16,42.12210793
20,3,1,147 MB,42 GB,12,64 GB,16,42.12210793
20,3,1,147 MB,42 GB,12,64 GB,16,42.12210793
5,3,1,147 MB,42 GB,12,64 GB,16,43.03489633
5,3,1,147 MB,42 GB,12,64 GB,16,43.03489633
5,3,1,147 MB,42 GB,12,64 GB,16,42.59300186
5,3,1,147 MB,42 GB,12,64 GB,16,42.16771079
5,3,1,147 MB,42 GB,12,64 GB,16,41.74880966
5,3,1,147 MB,42 GB,12,64 GB,16,41.3402864
5,3,1,147 MB,42 GB,12,64 GB,16,40.94477481
5,3,1,147 MB,42 GB,12,64 GB,16,40.56061891
5,3,1,147 MB,42 GB,12,64 GB,16,40.19157477
5,3,1,147 MB,42 GB,12,64 GB,16,39.83818949
5,3,1,147 MB,42 GB,12,64 GB,16,39.49677012
5,3,1,147 MB,42 GB,12,64 GB,16,39.16095242
5,3,1,147 MB,42 GB,12,64 GB,16,38.82874763
5,3,1,147 MB,42 GB,12,64 GB,16,38.82874763
5,3,1,147 MB,42 GB,12,64 GB,16,38.19787461
5,3,1,147 MB,42 GB,12,64 GB,16,38.19787461
5,3,1,147 MB,42 GB,12,64 GB,16,37.60725917
5,3,1,147 MB,42 GB,12,64 GB,16,37.60725917
5,3,1,147 MB,42 GB,12,64 GB,16,37.31744711
5,3,1,147 MB,42 GB,12,64 GB,16,37.03209235
5,3,1,147 MB,42 GB,12,64 GB,16,36.76127648
5,3,1,147 MB,42 GB,12,64 GB,16,36.76127648
10,3,1,147 MB,42 GB,12,64 GB,16,36.63796195
10,3,1,147 MB,42 GB,12,64 GB,16,36.63796195
10,3,1,147 MB,42 GB,12,64 GB,16,36.51390515
10,3,1,147 MB,42 GB,12,64 GB,16,36.51390515
10,3,1,147 MB,42 GB,12,64 GB,16,36.38846468
10,3,1,147 MB,42 GB,12,64 GB,16,36.38846468
10,3,1,147 MB,42 GB,12,64 GB,16,36.28570726
10,3,1,147 MB,42 GB,12,64 GB,16,36.28570726
10,3,1,147 MB,42 GB,12,64 GB,16,36.17609334
10,3,1,147 MB,42 GB,12,64 GB,16,36.17609334
10,3,1,147 MB,42 GB,12,64 GB,16,36.06354567
10,3,1,147 MB,42 GB,12,64 GB,16,36.06354567
10,3,1,147 MB,42 GB,12,64 GB,16,35.96555213
10,3,1,147 MB,42 GB,12,64 GB,16,35.96555213
10,3,1,147 MB,42 GB,12,64 GB,16,35.96555213
10,3,1,147 MB,42 GB,12,64 GB,16,35.87576155
10,3,1,147 MB,42 GB,12,64 GB,16,35.87576155
10,3,1,147 MB,42 GB,12,64 GB,16,35.76486746
10,3,1,147 MB,42 GB,12,64 GB,16,35.76486746
10,3,1,147 MB,42 GB,12,64 GB,16,35.67417307
5,3,1,147 MB,42 GB,12,64 GB,16,35.47481885
5,3,1,147 MB,42 GB,12,64 GB,16,35.27937283
5,3,1,147 MB,42 GB,12,64 GB,16,35.08405108
5,3,1,147 MB,42 GB,12,64 GB,16,34.89152494
5,3,1,147 MB,42 GB,12,64 GB,16,34.70466957
5,3,1,147 MB,42 GB,12,64 GB,16,34.52626536
5,3,1,147 MB,42 GB,12,64 GB,16,34.3540752
5,3,1,147 MB,42 GB,12,64 GB,16,34.3540752
5,3,1,147 MB,42 GB,12,64 GB,16,34.00795707
5,3,1,147 MB,42 GB,12,64 GB,16,34.00795707
5,3,1,147 MB,42 GB,12,64 GB,16,33.67298233
5,3,1,147 MB,42 GB,12,64 GB,16,33.67298233
5,3,1,147 MB,42 GB,12,64 GB,16,33.51295997
5,3,1,147 MB,42 GB,12,64 GB,16,33.35632452
5,3,1,147 MB,42 GB,12,64 GB,16,33.20072654
5,3,1,147 MB,42 GB,12,64 GB,16,33.04411028
5,4,1,147 MB,56 GB,16,64 GB,16,42.84639168
5,4,1,147 MB,56 GB,16,64 GB,16,33.4168834
5,4,1,147 MB,56 GB,16,64 GB,16,33.4168834
5,4,1,147 MB,56 GB,16,64 GB,16,29.50305421
5,4,1,147 MB,56 GB,16,64 GB,16,27.20291872
5,4,1,147 MB,56 GB,16,64 GB,16,27.20291872
5,4,1,147 MB,56 GB,16,64 GB,16,25.9486762
5,4,1,147 MB,56 GB,16,64 GB,16,25.18638689
5,4,1,147 MB,56 GB,16,64 GB,16,24.53807271
5,4,1,147 MB,56 GB,16,64 GB,16,24.53807271
5,4,1,147 MB,56 GB,16,64 GB,16,24.02782648
5,4,1,147 MB,56 GB,16,64 GB,16,23.61961148
5,4,1,147 MB,56 GB,16,64 GB,16,23.24426834
5,4,1,147 MB,56 GB,16,64 GB,16,23.24426834
5,4,1,147 MB,56 GB,16,64 GB,16,22.97209016
5,4,1,147 MB,56 GB,16,64 GB,16,22.76762196
5,4,1,147 MB,56 GB,16,64 GB,16,22.58888075
5,4,1,147 MB,56 GB,16,64 GB,16,22.58888075
5,4,1,147 MB,56 GB,16,64 GB,16,22.4375741
5,4,1,147 MB,56 GB,16,64 GB,16,22.4375741
5,4,1,147 MB,56 GB,16,64 GB,16,22.4375741
5,4,1,147 MB,56 GB,16,64 GB,16,22.4375741
15,4,1,147 MB,56 GB,16,64 GB,16,28.86368907
15,4,1,147 MB,56 GB,16,64 GB,16,28.86368907
15,4,1,147 MB,56 GB,16,64 GB,16,28.86368907
15,4,1,147 MB,56 GB,16,64 GB,16,28.86368907
15,4,1,147 MB,56 GB,16,64 GB,16,33.64208074
15,4,1,147 MB,56 GB,16,64 GB,16,33.64208074
15,4,1,147 MB,56 GB,16,64 GB,16,33.64208074
15,4,1,147 MB,56 GB,16,64 GB,16,33.64208074
15,4,1,147 MB,56 GB,16,64 GB,16,36.79290606
15,4,1,147 MB,56 GB,16,64 GB,16,36.79290606
15,4,1,147 MB,56 GB,16,64 GB,16,36.79290606
15,4,1,147 MB,56 GB,16,64 GB,16,36.79290606
15,4,1,147 MB,56 GB,16,64 GB,16,39.53600214
15,4,1,147 MB,56 GB,16,64 GB,16,39.53600214
15,4,1,147 MB,56 GB,16,64 GB,16,39.53600214
15,4,1,147 MB,56 GB,16,64 GB,16,39.53600214
15,4,1,147 MB,56 GB,16,64 GB,16,42.2346919
15,4,1,147 MB,56 GB,16,64 GB,16,42.2346919
15,4,1,147 MB,56 GB,16,64 GB,16,42.2346919
15,4,1,147 MB,56 GB,16,64 GB,16,42.2346919
15,4,1,147 MB,56 GB,16,64 GB,16,42.2346919
15,4,1,147 MB,56 GB,16,64 GB,16,42.2346919
20,4,1,147 MB,56 GB,16,64 GB,16,46.79579877
20,4,1,147 MB,56 GB,16,64 GB,16,46.79579877
20,4,1,147 MB,56 GB,16,64 GB,16,46.79579877
20,4,1,147 MB,56 GB,16,64 GB,16,46.79579877
20,4,1,147 MB,56 GB,16,64 GB,16,46.79579877
20,4,1,147 MB,56 GB,16,64 GB,16,50.49869463
20,4,1,147 MB,56 GB,16,64 GB,16,50.49869463
20,4,1,147 MB,56 GB,16,64 GB,16,50.49869463
20,4,1,147 MB,56 GB,16,64 GB,16,50.49869463
20,4,1,147 MB,56 GB,16,64 GB,16,50.49869463
20,4,1,147 MB,56 GB,16,64 GB,16,53.77148447
20,4,1,147 MB,56 GB,16,64 GB,16,53.77148447
20,4,1,147 MB,56 GB,16,64 GB,16,53.77148447
20,4,1,147 MB,56 GB,16,64 GB,16,53.77148447
20,4,1,147 MB,56 GB,16,64 GB,16,53.77148447
20,4,1,147 MB,56 GB,16,64 GB,16,53.77148447
20,4,1,147 MB,56 GB,16,64 GB,16,56.98154018
20,4,1,147 MB,56 GB,16,64 GB,16,56.98154018
5,4,1,147 MB,56 GB,16,64 GB,16,56.2289957
5,4,1,147 MB,56 GB,16,64 GB,16,56.2289957
5,4,1,147 MB,56 GB,16,64 GB,16,55.51794569
5,4,1,147 MB,56 GB,16,64 GB,16,54.81856078
5,4,1,147 MB,56 GB,16,64 GB,16,54.14538679
5,4,1,147 MB,56 GB,16,64 GB,16,54.14538679
5,4,1,147 MB,56 GB,16,64 GB,16,53.48424528
5,4,1,147 MB,56 GB,16,64 GB,16,53.48424528
5,4,1,147 MB,56 GB,16,64 GB,16,52.87749367
5,4,1,147 MB,56 GB,16,64 GB,16,52.26786995
5,4,1,147 MB,56 GB,16,64 GB,16,51.6658137
5,4,1,147 MB,56 GB,16,64 GB,16,51.6658137
5,4,1,147 MB,56 GB,16,64 GB,16,51.08519229
5,4,1,147 MB,56 GB,16,64 GB,16,50.53290154
5,4,1,147 MB,56 GB,16,64 GB,16,49.99444721
5,4,1,147 MB,56 GB,16,64 GB,16,49.99444721
5,4,1,147 MB,56 GB,16,64 GB,16,49.47263388
5,4,1,147 MB,56 GB,16,64 GB,16,48.96092538
5,4,1,147 MB,56 GB,16,64 GB,16,48.46750019
5,4,1,147 MB,56 GB,16,64 GB,16,48.46750019
5,4,1,147 MB,56 GB,16,64 GB,16,47.99209285
5,4,1,147 MB,56 GB,16,64 GB,16,47.99209285
10,4,1,147 MB,56 GB,16,64 GB,16,47.74337642
10,4,1,147 MB,56 GB,16,64 GB,16,47.74337642
10,4,1,147 MB,56 GB,16,64 GB,16,47.74337642
10,4,1,147 MB,56 GB,16,64 GB,16,47.49262439
10,4,1,147 MB,56 GB,16,64 GB,16,47.49262439
10,4,1,147 MB,56 GB,16,64 GB,16,47.49262439
10,4,1,147 MB,56 GB,16,64 GB,16,47.24905463
10,4,1,147 MB,56 GB,16,64 GB,16,47.24905463
10,4,1,147 MB,56 GB,16,64 GB,16,47.06384074
10,4,1,147 MB,56 GB,16,64 GB,16,47.06384074
10,4,1,147 MB,56 GB,16,64 GB,16,47.06384074
10,4,1,147 MB,56 GB,16,64 GB,16,46.86042978
10,4,1,147 MB,56 GB,16,64 GB,16,46.86042978
10,4,1,147 MB,56 GB,16,64 GB,16,46.86042978
10,4,1,147 MB,56 GB,16,64 GB,16,46.66628831
10,4,1,147 MB,56 GB,16,64 GB,16,46.66628831
10,4,1,147 MB,56 GB,16,64 GB,16,46.66628831
10,4,1,147 MB,56 GB,16,64 GB,16,46.53210913
10,4,1,147 MB,56 GB,16,64 GB,16,46.53210913
10,4,1,147 MB,56 GB,16,64 GB,16,46.53210913
10,4,1,147 MB,56 GB,16,64 GB,16,46.39442369
5,4,1,147 MB,56 GB,16,64 GB,16,46.05179989
5,4,1,147 MB,56 GB,16,64 GB,16,45.72515079
5,4,1,147 MB,56 GB,16,64 GB,16,45.72515079
5,4,1,147 MB,56 GB,16,64 GB,16,45.41018037
5,4,1,147 MB,56 GB,16,64 GB,16,45.11410314
5,4,1,147 MB,56 GB,16,64 GB,16,44.81566453
5,4,1,147 MB,56 GB,16,64 GB,16,44.81566453
5,4,1,147 MB,56 GB,16,64 GB,16,44.52692546
5,4,1,147 MB,56 GB,16,64 GB,16,44.24214427
5,4,1,147 MB,56 GB,16,64 GB,16,43.95771788
5,4,1,147 MB,56 GB,16,64 GB,16,43.95771788
5,4,1,147 MB,56 GB,16,64 GB,16,43.67899271
5,4,1,147 MB,56 GB,16,64 GB,16,43.67899271
5,4,1,147 MB,56 GB,16,64 GB,16,43.41206279
5,4,1,147 MB,56 GB,16,64 GB,16,43.16391787
5,4,1,147 MB,56 GB,16,64 GB,16,42.91271045
5,4,1,147 MB,56 GB,16,64 GB,16,42.91271045
5,4,1,147 MB,56 GB,16,64 GB,16,42.6613905
5,4,1,147 MB,56 GB,16,64 GB,16,42.42659534
5,4,1,147 MB,56 GB,16,64 GB,16,42.20770083
5,4,1,147 MB,56 GB,16,64 GB,16,42.20770083
5,4,2,147 MB,56 GB,16,128 GB,32,29.84165916
5,4,2,147 MB,56 GB,16,128 GB,32,22.07624803
5,4,2,147 MB,56 GB,16,128 GB,32,18.96772623
5,4,2,147 MB,56 GB,16,128 GB,32,17.36339184
5,4,2,147 MB,56 GB,16,128 GB,32,15.83491569
5,4,2,147 MB,56 GB,16,128 GB,32,15.83491569
5,4,2,147 MB,56 GB,16,128 GB,32,15.15010554
5,4,2,147 MB,56 GB,16,128 GB,32,14.81233992
5,4,2,147 MB,56 GB,16,128 GB,32,14.55688355
5,4,2,147 MB,56 GB,16,128 GB,32,14.37067601
5,4,2,147 MB,56 GB,16,128 GB,32,14.09070171
5,4,2,147 MB,56 GB,16,128 GB,32,14.09070171
5,4,2,147 MB,56 GB,16,128 GB,32,13.92021943
5,4,2,147 MB,56 GB,16,128 GB,32,13.85114582
5,4,2,147 MB,56 GB,16,128 GB,32,13.77272767
5,4,2,147 MB,56 GB,16,128 GB,32,13.6866819
5,4,2,147 MB,56 GB,16,128 GB,32,13.54641482
5,4,2,147 MB,56 GB,16,128 GB,32,13.49418001
5,4,2,147 MB,56 GB,16,128 GB,32,13.44867343
5,4,2,147 MB,56 GB,16,128 GB,32,13.44867343
15,4,2,147 MB,56 GB,16,128 GB,32,16.19021514
15,4,2,147 MB,56 GB,16,128 GB,32,16.19021514
15,4,2,147 MB,56 GB,16,128 GB,32,16.19021514
15,4,2,147 MB,56 GB,16,128 GB,32,18.34640291
15,4,2,147 MB,56 GB,16,128 GB,32,18.34640291
15,4,2,147 MB,56 GB,16,128 GB,32,18.34640291
15,4,2,147 MB,56 GB,16,128 GB,32,20.07913925
15,4,2,147 MB,56 GB,16,128 GB,32,20.07913925
15,4,2,147 MB,56 GB,16,128 GB,32,21.53308288
15,4,2,147 MB,56 GB,16,128 GB,32,21.53308288
15,4,2,147 MB,56 GB,16,128 GB,32,22.75352589
15,4,2,147 MB,56 GB,16,128 GB,32,22.75352589
15,4,2,147 MB,56 GB,16,128 GB,32,22.75352589
15,4,2,147 MB,56 GB,16,128 GB,32,23.81801242
15,4,2,147 MB,56 GB,16,128 GB,32,23.81801242
15,4,2,147 MB,56 GB,16,128 GB,32,24.67215891
15,4,2,147 MB,56 GB,16,128 GB,32,24.67215891
15,4,2,147 MB,56 GB,16,128 GB,32,24.67215891
15,4,2,147 MB,56 GB,16,128 GB,32,25.39782201
15,4,2,147 MB,56 GB,16,128 GB,32,25.39782201
15,4,2,147 MB,56 GB,16,128 GB,32,26.09445516
15,4,2,147 MB,56 GB,16,128 GB,32,26.09445516
15,4,2,147 MB,56 GB,16,128 GB,32,26.09445516
15,4,2,147 MB,56 GB,16,128 GB,32,26.09445516
20,4,2,147 MB,56 GB,16,128 GB,32,27.82641538
20,4,2,147 MB,56 GB,16,128 GB,32,27.82641538
20,4,2,147 MB,56 GB,16,128 GB,32,29.26788877
20,4,2,147 MB,56 GB,16,128 GB,32,29.26788877
20,4,2,147 MB,56 GB,16,128 GB,32,29.26788877
20,4,2,147 MB,56 GB,16,128 GB,32,29.26788877
20,4,2,147 MB,56 GB,16,128 GB,32,30.53845152
20,4,2,147 MB,56 GB,16,128 GB,32,30.53845152
20,4,2,147 MB,56 GB,16,128 GB,32,30.53845152
20,4,2,147 MB,56 GB,16,128 GB,32,31.57810923
20,4,2,147 MB,56 GB,16,128 GB,32,31.57810923
20,4,2,147 MB,56 GB,16,128 GB,32,31.57810923
20,4,2,147 MB,56 GB,16,128 GB,32,32.53487415
20,4,2,147 MB,56 GB,16,128 GB,32,32.53487415
20,4,2,147 MB,56 GB,16,128 GB,32,32.53487415
20,4,2,147 MB,56 GB,16,128 GB,32,32.53487415
20,4,2,147 MB,56 GB,16,128 GB,32,33.39685455
20,4,2,147 MB,56 GB,16,128 GB,32,33.39685455
20,4,2,147 MB,56 GB,16,128 GB,32,33.39685455
20,4,2,147 MB,56 GB,16,128 GB,32,34.13991154
5,4,2,147 MB,56 GB,16,128 GB,32,33.59039647
5,4,2,147 MB,56 GB,16,128 GB,32,33.32347396
5,4,2,147 MB,56 GB,16,128 GB,32,33.06522266
5,4,2,147 MB,56 GB,16,128 GB,32,32.81355828
5,4,2,147 MB,56 GB,16,128 GB,32,32.31959833
5,4,2,147 MB,56 GB,16,128 GB,32,32.31959833
5,4,2,147 MB,56 GB,16,128 GB,32,31.85257366
5,4,2,147 MB,56 GB,16,128 GB,32,31.62681246
5,4,2,147 MB,56 GB,16,128 GB,32,31.40900716
5,4,2,147 MB,56 GB,16,128 GB,32,31.19773133
5,4,2,147 MB,56 GB,16,128 GB,32,30.77736884
5,4,2,147 MB,56 GB,16,128 GB,32,30.57523635
5,4,2,147 MB,56 GB,16,128 GB,32,30.37855385
5,4,2,147 MB,56 GB,16,128 GB,32,30.18406782
5,4,2,147 MB,56 GB,16,128 GB,32,29.81026391
5,4,2,147 MB,56 GB,16,128 GB,32,29.81026391
5,4,2,147 MB,56 GB,16,128 GB,32,29.44433627
5,4,2,147 MB,56 GB,16,128 GB,32,29.27005401
5,4,2,147 MB,56 GB,16,128 GB,32,29.09776265
5,4,2,147 MB,56 GB,16,128 GB,32,28.93320089
5,4,2,147 MB,56 GB,16,128 GB,32,28.7677326
10,4,2,147 MB,56 GB,16,128 GB,32,28.67113644
10,4,2,147 MB,56 GB,16,128 GB,32,28.67113644
10,4,2,147 MB,56 GB,16,128 GB,32,28.58546721
10,4,2,147 MB,56 GB,16,128 GB,32,28.50233929
10,4,2,147 MB,56 GB,16,128 GB,32,28.50233929
10,4,2,147 MB,56 GB,16,128 GB,32,28.41875552
10,4,2,147 MB,56 GB,16,128 GB,32,28.41875552
10,4,2,147 MB,56 GB,16,128 GB,32,28.3410959
10,4,2,147 MB,56 GB,16,128 GB,32,28.2610845
10,4,2,147 MB,56 GB,16,128 GB,32,28.2610845
10,4,2,147 MB,56 GB,16,128 GB,32,28.18871781
10,4,2,147 MB,56 GB,16,128 GB,32,28.12149535
10,4,2,147 MB,56 GB,16,128 GB,32,28.12149535
10,4,2,147 MB,56 GB,16,128 GB,32,28.05475049
10,4,2,147 MB,56 GB,16,128 GB,32,28.05475049
10,4,2,147 MB,56 GB,16,128 GB,32,27.99339666
10,4,2,147 MB,56 GB,16,128 GB,32,27.99339666
10,4,2,147 MB,56 GB,16,128 GB,32,27.93487728
10,4,2,147 MB,56 GB,16,128 GB,32,27.87608703
10,4,2,147 MB,56 GB,16,128 GB,32,27.87608703
10,4,2,147 MB,56 GB,16,128 GB,32,27.81891267
5,4,2,147 MB,56 GB,16,128 GB,32,27.58229145
5,4,2,147 MB,56 GB,16,128 GB,32,27.46485222
5,4,2,147 MB,56 GB,16,128 GB,32,27.35134347
5,4,2,147 MB,56 GB,16,128 GB,32,27.23757536
5,4,2,147 MB,56 GB,16,128 GB,32,27.01421861
5,4,2,147 MB,56 GB,16,128 GB,32,27.01421861
5,4,2,147 MB,56 GB,16,128 GB,32,26.79895407
5,4,2,147 MB,56 GB,16,128 GB,32,26.6923867
5,4,2,147 MB,56 GB,16,128 GB,32,26.58845703
5,4,2,147 MB,56 GB,16,128 GB,32,26.48645107
5,4,2,147 MB,56 GB,16,128 GB,32,26.28374812
5,4,2,147 MB,56 GB,16,128 GB,32,26.18679967
5,4,2,147 MB,56 GB,16,128 GB,32,26.09096134
5,4,2,147 MB,56 GB,16,128 GB,32,25.99803214
5,4,2,147 MB,56 GB,16,128 GB,32,25.81390775
5,4,2,147 MB,56 GB,16,128 GB,32,25.81390775
5,4,2,147 MB,56 GB,16,128 GB,32,25.63508271
5,4,2,147 MB,56 GB,16,128 GB,32,25.54678877
5,4,2,147 MB,56 GB,16,128 GB,32,25.45886569
5,4,2,147 MB,56 GB,16,128 GB,32,25.37155481
5,4,2,147 MB,56 GB,16,128 GB,32,25.37155481
5,6,2,147 MB,84 GB,24,128 GB,32,9.811780071
5,6,2,147 MB,84 GB,24,128 GB,32,9.590962919
5,6,2,147 MB,84 GB,24,128 GB,32,9.281412497
5,6,2,147 MB,84 GB,24,128 GB,32,9.087977505
5,6,2,147 MB,84 GB,24,128 GB,32,9.122156817
5,6,2,147 MB,84 GB,24,128 GB,32,9.056333776
5,6,2,147 MB,84 GB,24,128 GB,32,9.03373482
5,6,2,147 MB,84 GB,24,128 GB,32,8.934188826
5,6,2,147 MB,84 GB,24,128 GB,32,8.919288775
5,6,2,147 MB,84 GB,24,128 GB,32,8.864264138
5,6,2,147 MB,84 GB,24,128 GB,32,8.846775468
5,6,2,147 MB,84 GB,24,128 GB,32,8.82989902
5,6,2,147 MB,84 GB,24,128 GB,32,8.801316272
5,6,2,147 MB,84 GB,24,128 GB,32,8.77408493
5,6,2,147 MB,84 GB,24,128 GB,32,8.760072441
5,6,2,147 MB,84 GB,24,128 GB,32,8.726257549
5,6,2,147 MB,84 GB,24,128 GB,32,8.713832189
5,6,2,147 MB,84 GB,24,128 GB,32,8.699676295
5,6,2,147 MB,84 GB,24,128 GB,32,8.696442673
5,6,2,147 MB,84 GB,24,128 GB,32,8.702693605
5,6,2,147 MB,84 GB,24,128 GB,32,8.702693605
15,6,2,147 MB,84 GB,24,128 GB,32,9.994831362
15,6,2,147 MB,84 GB,24,128 GB,32,9.994831362
15,6,2,147 MB,84 GB,24,128 GB,32,11.08738139
15,6,2,147 MB,84 GB,24,128 GB,32,12.01965912
15,6,2,147 MB,84 GB,24,128 GB,32,12.01965912
15,6,2,147 MB,84 GB,24,128 GB,32,12.85765193
15,6,2,147 MB,84 GB,24,128 GB,32,13.56709038
15,6,2,147 MB,84 GB,24,128 GB,32,13.56709038
15,6,2,147 MB,84 GB,24,128 GB,32,14.19137032
15,6,2,147 MB,84 GB,24,128 GB,32,14.19137032
15,6,2,147 MB,84 GB,24,128 GB,32,14.74906365
15,6,2,147 MB,84 GB,24,128 GB,32,14.74906365
15,6,2,147 MB,84 GB,24,128 GB,32,15.24811246
15,6,2,147 MB,84 GB,24,128 GB,32,15.71183596
15,6,2,147 MB,84 GB,24,128 GB,32,15.71183596
15,6,2,147 MB,84 GB,24,128 GB,32,16.13097085
15,6,2,147 MB,84 GB,24,128 GB,32,16.49296059
15,6,2,147 MB,84 GB,24,128 GB,32,16.49296059
15,6,2,147 MB,84 GB,24,128 GB,32,16.85079854
15,6,2,147 MB,84 GB,24,128 GB,32,16.85079854
15,6,2,147 MB,84 GB,24,128 GB,32,17.15985864
15,6,2,147 MB,84 GB,24,128 GB,32,17.15985864
20,6,2,147 MB,84 GB,24,128 GB,32,17.97616017
20,6,2,147 MB,84 GB,24,128 GB,32,17.97616017
20,6,2,147 MB,84 GB,24,128 GB,32,18.69863928
20,6,2,147 MB,84 GB,24,128 GB,32,18.69863928
20,6,2,147 MB,84 GB,24,128 GB,32,19.36302891
20,6,2,147 MB,84 GB,24,128 GB,32,19.36302891
20,6,2,147 MB,84 GB,24,128 GB,32,19.96502075
20,6,2,147 MB,84 GB,24,128 GB,32,19.96502075
20,6,2,147 MB,84 GB,24,128 GB,32,19.96502075
20,6,2,147 MB,84 GB,24,128 GB,32,20.51317295
20,6,2,147 MB,84 GB,24,128 GB,32,20.51317295
20,6,2,147 MB,84 GB,24,128 GB,32,21.02125213
20,6,2,147 MB,84 GB,24,128 GB,32,21.02125213
20,6,2,147 MB,84 GB,24,128 GB,32,21.49137394
20,6,2,147 MB,84 GB,24,128 GB,32,21.49137394
20,6,2,147 MB,84 GB,24,128 GB,32,21.90035151
20,6,2,147 MB,84 GB,24,128 GB,32,21.90035151
20,6,2,147 MB,84 GB,24,128 GB,32,21.90035151
20,6,2,147 MB,84 GB,24,128 GB,32,22.3036863
20,6,2,147 MB,84 GB,24,128 GB,32,22.3036863
5,6,2,147 MB,84 GB,24,128 GB,32,22.52757419
5,6,2,147 MB,84 GB,24,128 GB,32,22.40518531
5,6,2,147 MB,84 GB,24,128 GB,32,22.05155107
5,6,2,147 MB,84 GB,24,128 GB,32,21.93681925
5,6,2,147 MB,84 GB,24,128 GB,32,21.71172756
5,6,2,147 MB,84 GB,24,128 GB,32,21.6035769
5,6,2,147 MB,84 GB,24,128 GB,32,21.28629597
5,6,2,147 MB,84 GB,24,128 GB,32,21.18650402
5,6,2,147 MB,84 GB,24,128 GB,32,20.98812769
5,6,2,147 MB,84 GB,24,128 GB,32,20.89000409
5,6,2,147 MB,84 GB,24,128 GB,32,20.60954396
5,6,2,147 MB,84 GB,24,128 GB,32,20.51859059
5,6,2,147 MB,84 GB,24,128 GB,32,20.34022476
5,6,2,147 MB,84 GB,24,128 GB,32,20.25307251
5,6,2,147 MB,84 GB,24,128 GB,32,20.0845663
5,6,2,147 MB,84 GB,24,128 GB,32,19.9218802
5,6,2,147 MB,84 GB,24,128 GB,32,19.7574562
5,6,2,147 MB,84 GB,24,128 GB,32,19.67849818
5,6,2,147 MB,84 GB,24,128 GB,32,19.52374864
5,6,2,147 MB,84 GB,24,128 GB,32,19.37152332
5,6,2,147 MB,84 GB,24,128 GB,32,19.29773513
10,6,2,147 MB,84 GB,24,128 GB,32,19.26463651
10,6,2,147 MB,84 GB,24,128 GB,32,19.22379601
10,6,2,147 MB,84 GB,24,128 GB,32,19.18801106
10,6,2,147 MB,84 GB,24,128 GB,32,19.15445543
10,6,2,147 MB,84 GB,24,128 GB,32,19.15445543
10,6,2,147 MB,84 GB,24,128 GB,32,19.08476996
10,6,2,147 MB,84 GB,24,128 GB,32,19.08476996
10,6,2,147 MB,84 GB,24,128 GB,32,19.05884025
10,6,2,147 MB,84 GB,24,128 GB,32,19.02602462
10,6,2,147 MB,84 GB,24,128 GB,32,18.9937344
10,6,2,147 MB,84 GB,24,128 GB,32,18.96352223
10,6,2,147 MB,84 GB,24,128 GB,32,18.9337433
10,6,2,147 MB,84 GB,24,128 GB,32,18.90601575
10,6,2,147 MB,84 GB,24,128 GB,32,18.87835959
10,6,2,147 MB,84 GB,24,128 GB,32,18.87835959
10,6,2,147 MB,84 GB,24,128 GB,32,18.83027395
10,6,2,147 MB,84 GB,24,128 GB,32,18.83027395
10,6,2,147 MB,84 GB,24,128 GB,32,18.80343238
10,6,2,147 MB,84 GB,24,128 GB,32,18.77257312
5,6,2,147 MB,84 GB,24,128 GB,32,18.69553265
5,6,2,147 MB,84 GB,24,128 GB,32,18.64014041
5,6,2,147 MB,84 GB,24,128 GB,32,18.5313933
5,6,2,147 MB,84 GB,24,128 GB,32,18.47841861
5,6,2,147 MB,84 GB,24,128 GB,32,18.32026789
5,6,2,147 MB,84 GB,24,128 GB,32,18.26978072
5,6,2,147 MB,84 GB,24,128 GB,32,18.16870498
5,6,2,147 MB,84 GB,24,128 GB,32,18.11833073
5,6,2,147 MB,84 GB,24,128 GB,32,17.97219903
5,6,2,147 MB,84 GB,24,128 GB,32,17.92539127
5,6,2,147 MB,84 GB,24,128 GB,32,17.83051542
5,6,2,147 MB,84 GB,24,128 GB,32,17.78500426
5,6,2,147 MB,84 GB,24,128 GB,32,17.64951226
5,6,2,147 MB,84 GB,24,128 GB,32,17.60474696
5,6,2,147 MB,84 GB,24,128 GB,32,17.51896657
5,6,2,147 MB,84 GB,24,128 GB,32,17.47456475
5,6,2,147 MB,84 GB,24,128 GB,32,17.34596065
5,6,2,147 MB,84 GB,24,128 GB,32,17.30449602
5,6,2,147 MB,84 GB,24,128 GB,32,17.22448051
5,6,2,147 MB,84 GB,24,128 GB,32,17.18369424
5,6,2,147 MB,84 GB,24,128 GB,32,17.10327079
5,6,2,147 MB,84 GB,24,128 GB,32,17.10327079
5,6,2,147 MB,84 GB,24,128 GB,32,17.10327079
5,6,2,147 MB,84 GB,24,128 GB,32,17.10327079
5,6,2,147 MB,84 GB,24,128 GB,32,17.10327079
5,6,2,147 MB,84 GB,24,128 GB,32,17.10327079
5,6,2,147 MB,84 GB,24,128 GB,32,17.10327079
5,6,2,147 MB,84 GB,24,128 GB,32,17.10327079
5,6,2,147 MB,84 GB,24,128 GB,32,17.10327079
5,6,2,147 MB,84 GB,24,128 GB,32,17.10327079
5,6,2,147 MB,84 GB,24,128 GB,32,17.10327079
5,6,2,147 MB,84 GB,24,128 GB,32,17.10327079
5,6,2,147 MB,84 GB,24,128 GB,32,17.10327079
5,6,2,147 MB,84 GB,24,128 GB,32,17.10327079
5,6,2,147 MB,84 GB,24,128 GB,32,17.10327079
5,6,2,147 MB,84 GB,24,128 GB,32,17.10327079
5,6,2,147 MB,84 GB,24,128 GB,32,17.10327079
5,6,2,147 MB,84 GB,24,128 GB,32,17.10327079
5,6,2,147 MB,84 GB,24,128 GB,32,17.10327079
5,6,2,147 MB,84 GB,24,128 GB,32,17.10327079
5,6,2,147 MB,84 GB,24,128 GB,32,17.10327079
5,6,2,147 MB,84 GB,24,128 GB,32,17.10327079
5,1,1,1G,14 GB,4,64 GB,16,328.8608528
5,1,1,1G,14 GB,4,64 GB,16,328.8608528
5,1,1,1G,14 GB,4,64 GB,16,328.8608528
5,1,1,1G,14 GB,4,64 GB,16,328.8608528
5,1,1,1G,14 GB,4,64 GB,16,328.8608528
5,1,1,1G,14 GB,4,64 GB,16,328.8608528
5,1,1,1G,14 GB,4,64 GB,16,328.8608528
5,1,1,1G,14 GB,4,64 GB,16,328.8608528
5,1,1,1G,14 GB,4,64 GB,16,328.8608528
5,1,1,1G,14 GB,4,64 GB,16,328.8608528
5,1,1,1G,14 GB,4,64 GB,16,328.8608528
5,1,1,1G,14 GB,4,64 GB,16,328.8608528
5,1,1,1G,14 GB,4,64 GB,16,328.8608528
5,1,1,1G,14 GB,4,64 GB,16,328.8608528
5,1,1,1G,14 GB,4,64 GB,16,328.8608528
5,1,1,1G,14 GB,4,64 GB,16,328.8608528
5,1,1,1G,14 GB,4,64 GB,16,328.8608528
5,1,1,1G,14 GB,4,64 GB,16,328.8608528
5,1,1,1G,14 GB,4,64 GB,16,328.8608528
5,1,1,1G,14 GB,4,64 GB,16,328.8608528
5,1,1,1G,14 GB,4,64 GB,16,328.8608528
5,1,1,1G,14 GB,4,64 GB,16,328.8608528
5,1,1,1G,14 GB,4,64 GB,16,328.8608528
5,1,1,1G,14 GB,4,64 GB,16,328.8608528
5,1,1,1G,14 GB,4,64 GB,16,328.8608528
5,1,1,1G,14 GB,4,64 GB,16,328.8608528
5,1,1,1G,14 GB,4,64 GB,16,328.8608528
5,1,1,1G,14 GB,4,64 GB,16,328.8608528
5,1,1,1G,14 GB,4,64 GB,16,328.8608528
5,1,1,1G,14 GB,4,64 GB,16,328.8608528
5,1,1,1G,14 GB,4,64 GB,16,328.8608528
5,1,1,1G,14 GB,4,64 GB,16,328.8608528
5,1,1,1G,14 GB,4,64 GB,16,328.8608528
5,1,1,1G,14 GB,4,64 GB,16,328.8608528
5,1,1,1G,14 GB,4,64 GB,16,328.8608528
5,1,1,1G,14 GB,4,64 GB,16,328.8608528
5,1,1,1G,14 GB,4,64 GB,16,328.8608528
5,1,1,1G,14 GB,4,64 GB,16,328.8608528
5,1,1,1G,14 GB,4,64 GB,16,328.8608528
5,1,1,1G,14 GB,4,64 GB,16,328.8608528
5,1,1,1G,14 GB,4,64 GB,16,328.8608528
5,1,1,1G,14 GB,4,64 GB,16,328.8608528
5,1,1,1G,14 GB,4,64 GB,16,328.8608528
5,1,1,1G,14 GB,4,64 GB,16,328.8608528
5,1,1,1G,14 GB,4,64 GB,16,328.8608528
5,1,1,1G,14 GB,4,64 GB,16,328.8608528
5,1,1,1G,14 GB,4,64 GB,16,328.8608528
5,1,1,1G,14 GB,4,64 GB,16,328.8608528
5,1,1,1G,14 GB,4,64 GB,16,328.8608528
5,1,1,1G,14 GB,4,64 GB,16,328.8608528
5,1,1,1G,14 GB,4,64 GB,16,328.8608528
5,1,1,1G,14 GB,4,64 GB,16,328.8608528
5,1,1,1G,14 GB,4,64 GB,16,328.8608528
5,1,1,1G,14 GB,4,64 GB,16,328.8608528
5,1,1,1G,14 GB,4,64 GB,16,328.8608528
5,1,1,1G,14 GB,4,64 GB,16,328.8608528
5,1,1,1G,14 GB,4,64 GB,16,328.8608528
5,1,1,1G,14 GB,4,64 GB,16,328.8608528
5,1,1,1G,14 GB,4,64 GB,16,328.8608528
5,1,1,1G,14 GB,4,64 GB,16,328.8608528
5,1,1,1G,14 GB,4,64 GB,16,328.8608528
5,1,1,1G,14 GB,4,64 GB,16,328.8608528
5,1,1,1G,14 GB,4,64 GB,16,328.8608528
5,1,1,1G,14 GB,4,64 GB,16,328.8608528
15,1,1,1G,14 GB,4,64 GB,16,810.8872082
15,1,1,1G,14 GB,4,64 GB,16,810.8872082
15,1,1,1G,14 GB,4,64 GB,16,810.8872082
15,1,1,1G,14 GB,4,64 GB,16,810.8872082
15,1,1,1G,14 GB,4,64 GB,16,810.8872082
15,1,1,1G,14 GB,4,64 GB,16,810.8872082
15,1,1,1G,14 GB,4,64 GB,16,810.8872082
15,1,1,1G,14 GB,4,64 GB,16,810.8872082
15,1,1,1G,14 GB,4,64 GB,16,810.8872082
15,1,1,1G,14 GB,4,64 GB,16,810.8872082
15,1,1,1G,14 GB,4,64 GB,16,810.8872082
15,1,1,1G,14 GB,4,64 GB,16,810.8872082
15,1,1,1G,14 GB,4,64 GB,16,810.8872082
15,1,1,1G,14 GB,4,64 GB,16,810.8872082
15,1,1,1G,14 GB,4,64 GB,16,810.8872082
15,1,1,1G,14 GB,4,64 GB,16,810.8872082
15,1,1,1G,14 GB,4,64 GB,16,810.8872082
15,1,1,1G,14 GB,4,64 GB,16,810.8872082
15,1,1,1G,14 GB,4,64 GB,16,810.8872082
15,1,1,1G,14 GB,4,64 GB,16,810.8872082
15,1,1,1G,14 GB,4,64 GB,16,810.8872082
15,1,1,1G,14 GB,4,64 GB,16,810.8872082
15,1,1,1G,14 GB,4,64 GB,16,810.8872082
15,1,1,1G,14 GB,4,64 GB,16,810.8872082
15,1,1,1G,14 GB,4,64 GB,16,810.8872082
15,1,1,1G,14 GB,4,64 GB,16,810.8872082
15,1,1,1G,14 GB,4,64 GB,16,810.8872082
15,1,1,1G,14 GB,4,64 GB,16,810.8872082
15,1,1,1G,14 GB,4,64 GB,16,810.8872082
15,1,1,1G,14 GB,4,64 GB,16,810.8872082
15,1,1,1G,14 GB,4,64 GB,16,810.8872082
15,1,1,1G,14 GB,4,64 GB,16,810.8872082
15,1,1,1G,14 GB,4,64 GB,16,810.8872082
15,1,1,1G,14 GB,4,64 GB,16,810.8872082
15,1,1,1G,14 GB,4,64 GB,16,810.8872082
15,1,1,1G,14 GB,4,64 GB,16,810.8872082
15,1,1,1G,14 GB,4,64 GB,16,810.8872082
15,1,1,1G,14 GB,4,64 GB,16,810.8872082
15,1,1,1G,14 GB,4,64 GB,16,810.8872082
15,1,1,1G,14 GB,4,64 GB,16,810.8872082
15,1,1,1G,14 GB,4,64 GB,16,810.8872082
15,1,1,1G,14 GB,4,64 GB,16,810.8872082
15,1,1,1G,14 GB,4,64 GB,16,810.8872082
15,1,1,1G,14 GB,4,64 GB,16,810.8872082
15,1,1,1G,14 GB,4,64 GB,16,810.8872082
15,1,1,1G,14 GB,4,64 GB,16,810.8872082
15,1,1,1G,14 GB,4,64 GB,16,810.8872082
15,1,1,1G,14 GB,4,64 GB,16,810.8872082
15,1,1,1G,14 GB,4,64 GB,16,810.8872082
15,1,1,1G,14 GB,4,64 GB,16,810.8872082
15,1,1,1G,14 GB,4,64 GB,16,810.8872082
15,1,1,1G,14 GB,4,64 GB,16,810.8872082
15,1,1,1G,14 GB,4,64 GB,16,810.8872082
15,1,1,1G,14 GB,4,64 GB,16,810.8872082
15,1,1,1G,14 GB,4,64 GB,16,810.8872082
15,1,1,1G,14 GB,4,64 GB,16,810.8872082
15,1,1,1G,14 GB,4,64 GB,16,810.8872082
5,2,1,1G,28 GB,8,64 GB,16,178.4583754
5,2,1,1G,28 GB,8,64 GB,16,178.4583754
5,2,1,1G,28 GB,8,64 GB,16,178.4583754
5,2,1,1G,28 GB,8,64 GB,16,178.4583754
5,2,1,1G,28 GB,8,64 GB,16,178.4583754
5,2,1,1G,28 GB,8,64 GB,16,178.4583754
5,2,1,1G,28 GB,8,64 GB,16,178.4583754
5,2,1,1G,28 GB,8,64 GB,16,178.4583754
5,2,1,1G,28 GB,8,64 GB,16,178.4583754
5,2,1,1G,28 GB,8,64 GB,16,178.4583754
5,2,1,1G,28 GB,8,64 GB,16,178.4583754
5,2,1,1G,28 GB,8,64 GB,16,178.4583754
5,2,1,1G,28 GB,8,64 GB,16,174.4954024
5,2,1,1G,28 GB,8,64 GB,16,174.4954024
5,2,1,1G,28 GB,8,64 GB,16,174.4954024
5,2,1,1G,28 GB,8,64 GB,16,174.4954024
5,2,1,1G,28 GB,8,64 GB,16,174.4954024
5,2,1,1G,28 GB,8,64 GB,16,174.4954024
5,2,1,1G,28 GB,8,64 GB,16,174.4954024
5,2,1,1G,28 GB,8,64 GB,16,174.4954024
5,2,1,1G,28 GB,8,64 GB,16,174.4954024
5,2,1,1G,28 GB,8,64 GB,16,174.4954024
5,2,1,1G,28 GB,8,64 GB,16,174.4954024
5,2,1,1G,28 GB,8,64 GB,16,174.4954024
5,2,1,1G,28 GB,8,64 GB,16,174.4954024
5,2,1,1G,28 GB,8,64 GB,16,174.4954024
5,2,1,1G,28 GB,8,64 GB,16,174.4954024
5,2,1,1G,28 GB,8,64 GB,16,174.4954024
5,2,1,1G,28 GB,8,64 GB,16,174.4954024
5,2,1,1G,28 GB,8,64 GB,16,174.4954024
5,2,1,1G,28 GB,8,64 GB,16,174.4954024
5,2,1,1G,28 GB,8,64 GB,16,174.4954024
5,2,1,1G,28 GB,8,64 GB,16,174.4954024
5,2,1,1G,28 GB,8,64 GB,16,174.4954024
5,2,1,1G,28 GB,8,64 GB,16,174.4954024
5,2,1,1G,28 GB,8,64 GB,16,174.4954024
5,2,1,1G,28 GB,8,64 GB,16,174.4954024
5,2,1,1G,28 GB,8,64 GB,16,174.4954024
5,2,1,1G,28 GB,8,64 GB,16,174.4954024
5,2,1,1G,28 GB,8,64 GB,16,174.4954024
5,2,1,1G,28 GB,8,64 GB,16,174.4954024
5,2,1,1G,28 GB,8,64 GB,16,174.4954024
5,2,1,1G,28 GB,8,64 GB,16,174.4954024
5,2,1,1G,28 GB,8,64 GB,16,174.4954024
5,2,1,1G,28 GB,8,64 GB,16,174.4954024
5,2,1,1G,28 GB,8,64 GB,16,174.4954024
15,2,1,1G,28 GB,8,64 GB,16,372.4582885
15,2,1,1G,28 GB,8,64 GB,16,372.4582885
15,2,1,1G,28 GB,8,64 GB,16,372.4582885
15,2,1,1G,28 GB,8,64 GB,16,372.4582885
15,2,1,1G,28 GB,8,64 GB,16,372.4582885
15,2,1,1G,28 GB,8,64 GB,16,372.4582885
15,2,1,1G,28 GB,8,64 GB,16,372.4582885
15,2,1,1G,28 GB,8,64 GB,16,372.4582885
15,2,1,1G,28 GB,8,64 GB,16,372.4582885
15,2,1,1G,28 GB,8,64 GB,16,372.4582885
15,2,1,1G,28 GB,8,64 GB,16,372.4582885
15,2,1,1G,28 GB,8,64 GB,16,372.4582885
15,2,1,1G,28 GB,8,64 GB,16,372.4582885
15,2,1,1G,28 GB,8,64 GB,16,372.4582885
15,2,1,1G,28 GB,8,64 GB,16,372.4582885
15,2,1,1G,28 GB,8,64 GB,16,372.4582885
15,2,1,1G,28 GB,8,64 GB,16,372.4582885
15,2,1,1G,28 GB,8,64 GB,16,372.4582885
15,2,1,1G,28 GB,8,64 GB,16,372.4582885
15,2,1,1G,28 GB,8,64 GB,16,372.4582885
15,2,1,1G,28 GB,8,64 GB,16,372.4582885
15,2,1,1G,28 GB,8,64 GB,16,372.4582885
15,2,1,1G,28 GB,8,64 GB,16,372.4582885
15,2,1,1G,28 GB,8,64 GB,16,372.4582885
15,2,1,1G,28 GB,8,64 GB,16,372.4582885
15,2,1,1G,28 GB,8,64 GB,16,372.4582885
15,2,1,1G,28 GB,8,64 GB,16,372.4582885
15,2,1,1G,28 GB,8,64 GB,16,372.4582885
15,2,1,1G,28 GB,8,64 GB,16,372.4582885
15,2,1,1G,28 GB,8,64 GB,16,372.4582885
15,2,1,1G,28 GB,8,64 GB,16,372.4582885
15,2,1,1G,28 GB,8,64 GB,16,372.4582885
15,2,1,1G,28 GB,8,64 GB,16,372.4582885
15,2,1,1G,28 GB,8,64 GB,16,372.4582885
15,2,1,1G,28 GB,8,64 GB,16,372.4582885
15,2,1,1G,28 GB,8,64 GB,16,372.4582885
15,2,1,1G,28 GB,8,64 GB,16,372.4582885
15,2,1,1G,28 GB,8,64 GB,16,372.4582885
15,2,1,1G,28 GB,8,64 GB,16,372.4582885
15,2,1,1G,28 GB,8,64 GB,16,372.4582885
15,2,1,1G,28 GB,8,64 GB,16,372.4582885
15,2,1,1G,28 GB,8,64 GB,16,372.4582885
15,2,1,1G,28 GB,8,64 GB,16,372.4582885
15,2,1,1G,28 GB,8,64 GB,16,372.4582885
20,2,1,1G,28 GB,8,64 GB,16,503.5657841
20,2,1,1G,28 GB,8,64 GB,16,503.5657841
20,2,1,1G,28 GB,8,64 GB,16,503.5657841
20,2,1,1G,28 GB,8,64 GB,16,503.5657841
20,2,1,1G,28 GB,8,64 GB,16,503.5657841
20,2,1,1G,28 GB,8,64 GB,16,503.5657841
20,2,1,1G,28 GB,8,64 GB,16,503.5657841
20,2,1,1G,28 GB,8,64 GB,16,503.5657841
20,2,1,1G,28 GB,8,64 GB,16,503.5657841
20,2,1,1G,28 GB,8,64 GB,16,503.5657841
20,2,1,1G,28 GB,8,64 GB,16,503.5657841
20,2,1,1G,28 GB,8,64 GB,16,503.5657841
5,2,1,1G,28 GB,8,64 GB,16,469.9408434
5,2,1,1G,28 GB,8,64 GB,16,469.9408434
5,2,1,1G,28 GB,8,64 GB,16,469.9408434
5,2,1,1G,28 GB,8,64 GB,16,469.9408434
5,2,1,1G,28 GB,8,64 GB,16,469.9408434
5,2,1,1G,28 GB,8,64 GB,16,469.9408434
5,2,1,1G,28 GB,8,64 GB,16,469.9408434
5,2,1,1G,28 GB,8,64 GB,16,469.9408434
5,2,1,1G,28 GB,8,64 GB,16,469.9408434
5,2,1,1G,28 GB,8,64 GB,16,469.9408434
5,2,1,1G,28 GB,8,64 GB,16,469.9408434
5,2,1,1G,28 GB,8,64 GB,16,469.9408434
5,2,1,1G,28 GB,8,64 GB,16,442.956412
5,2,1,1G,28 GB,8,64 GB,16,442.956412
5,2,1,1G,28 GB,8,64 GB,16,442.956412
5,2,1,1G,28 GB,8,64 GB,16,442.956412
5,2,1,1G,28 GB,8,64 GB,16,442.956412
5,2,1,1G,28 GB,8,64 GB,16,442.956412
5,2,1,1G,28 GB,8,64 GB,16,442.956412
5,3,1,1G,42 GB,12,64 GB,16,146.6234751
5,3,1,1G,42 GB,12,64 GB,16,146.6234751
5,3,1,1G,42 GB,12,64 GB,16,146.6234751
5,3,1,1G,42 GB,12,64 GB,16,146.6234751
5,3,1,1G,42 GB,12,64 GB,16,146.6234751
5,3,1,1G,42 GB,12,64 GB,16,146.6234751
5,3,1,1G,42 GB,12,64 GB,16,146.6234751
5,3,1,1G,42 GB,12,64 GB,16,146.6234751
5,3,1,1G,42 GB,12,64 GB,16,146.6234751
5,3,1,1G,42 GB,12,64 GB,16,146.6234751
5,3,1,1G,42 GB,12,64 GB,16,141.0384166
5,3,1,1G,42 GB,12,64 GB,16,141.0384166
5,3,1,1G,42 GB,12,64 GB,16,141.0384166
5,3,1,1G,42 GB,12,64 GB,16,141.0384166
5,3,1,1G,42 GB,12,64 GB,16,141.0384166
5,3,1,1G,42 GB,12,64 GB,16,141.0384166
5,3,1,1G,42 GB,12,64 GB,16,141.0384166
5,3,1,1G,42 GB,12,64 GB,16,141.0384166
5,3,1,1G,42 GB,12,64 GB,16,137.425888
5,3,1,1G,42 GB,12,64 GB,16,137.425888
5,3,1,1G,42 GB,12,64 GB,16,137.425888
5,3,1,1G,42 GB,12,64 GB,16,137.425888
5,3,1,1G,42 GB,12,64 GB,16,137.425888
5,3,1,1G,42 GB,12,64 GB,16,137.425888
5,3,1,1G,42 GB,12,64 GB,16,137.425888
5,3,1,1G,42 GB,12,64 GB,16,137.425888
5,3,1,1G,42 GB,12,64 GB,16,137.425888
5,3,1,1G,42 GB,12,64 GB,16,137.425888
5,3,1,1G,42 GB,12,64 GB,16,137.425888
5,3,1,1G,42 GB,12,64 GB,16,137.425888
5,3,1,1G,42 GB,12,64 GB,16,137.425888
5,3,1,1G,42 GB,12,64 GB,16,137.425888
5,3,1,1G,42 GB,12,64 GB,16,137.425888
5,3,1,1G,42 GB,12,64 GB,16,137.425888
5,3,1,1G,42 GB,12,64 GB,16,137.425888
5,3,1,1G,42 GB,12,64 GB,16,137.425888
5,3,1,1G,42 GB,12,64 GB,16,137.425888
5,3,1,1G,42 GB,12,64 GB,16,137.425888
5,3,1,1G,42 GB,12,64 GB,16,137.425888
5,3,1,1G,42 GB,12,64 GB,16,137.425888
5,3,1,1G,42 GB,12,64 GB,16,137.425888
5,3,1,1G,42 GB,12,64 GB,16,137.425888
5,3,1,1G,42 GB,12,64 GB,16,137.425888
5,3,1,1G,42 GB,12,64 GB,16,137.425888
5,3,1,1G,42 GB,12,64 GB,16,137.425888
15,3,1,1G,42 GB,12,64 GB,16,269.4849625
15,3,1,1G,42 GB,12,64 GB,16,269.4849625
15,3,1,1G,42 GB,12,64 GB,16,269.4849625
15,3,1,1G,42 GB,12,64 GB,16,269.4849625
15,3,1,1G,42 GB,12,64 GB,16,269.4849625
15,3,1,1G,42 GB,12,64 GB,16,269.4849625
15,3,1,1G,42 GB,12,64 GB,16,269.4849625
15,3,1,1G,42 GB,12,64 GB,16,269.4849625
15,3,1,1G,42 GB,12,64 GB,16,269.4849625
15,3,1,1G,42 GB,12,64 GB,16,269.4849625
15,3,1,1G,42 GB,12,64 GB,16,269.4849625
15,3,1,1G,42 GB,12,64 GB,16,269.4849625
15,3,1,1G,42 GB,12,64 GB,16,269.4849625
15,3,1,1G,42 GB,12,64 GB,16,269.4849625
15,3,1,1G,42 GB,12,64 GB,16,269.4849625
15,3,1,1G,42 GB,12,64 GB,16,269.4849625
15,3,1,1G,42 GB,12,64 GB,16,269.4849625
15,3,1,1G,42 GB,12,64 GB,16,269.4849625
15,3,1,1G,42 GB,12,64 GB,16,269.4849625
15,3,1,1G,42 GB,12,64 GB,16,269.4849625
15,3,1,1G,42 GB,12,64 GB,16,269.4849625
15,3,1,1G,42 GB,12,64 GB,16,269.4849625
15,3,1,1G,42 GB,12,64 GB,16,269.4849625
15,3,1,1G,42 GB,12,64 GB,16,269.4849625
15,3,1,1G,42 GB,12,64 GB,16,269.4849625
15,3,1,1G,42 GB,12,64 GB,16,269.4849625
15,3,1,1G,42 GB,12,64 GB,16,269.4849625
15,3,1,1G,42 GB,12,64 GB,16,269.4849625
15,3,1,1G,42 GB,12,64 GB,16,269.4849625
15,3,1,1G,42 GB,12,64 GB,16,269.4849625
15,3,1,1G,42 GB,12,64 GB,16,269.4849625
15,3,1,1G,42 GB,12,64 GB,16,269.4849625
15,3,1,1G,42 GB,12,64 GB,16,269.4849625
15,3,1,1G,42 GB,12,64 GB,16,269.4849625
15,3,1,1G,42 GB,12,64 GB,16,269.4849625
15,3,1,1G,42 GB,12,64 GB,16,269.4849625
15,3,1,1G,42 GB,12,64 GB,16,269.4849625
20,3,1,1G,42 GB,12,64 GB,16,375.2315562
20,3,1,1G,42 GB,12,64 GB,16,375.2315562
20,3,1,1G,42 GB,12,64 GB,16,375.2315562
20,3,1,1G,42 GB,12,64 GB,16,375.2315562
20,3,1,1G,42 GB,12,64 GB,16,375.2315562
20,3,1,1G,42 GB,12,64 GB,16,375.2315562
20,3,1,1G,42 GB,12,64 GB,16,375.2315562
20,3,1,1G,42 GB,12,64 GB,16,375.2315562
20,3,1,1G,42 GB,12,64 GB,16,375.2315562
5,3,1,1G,42 GB,12,64 GB,16,353.7148484
5,3,1,1G,42 GB,12,64 GB,16,353.7148484
5,3,1,1G,42 GB,12,64 GB,16,353.7148484
5,3,1,1G,42 GB,12,64 GB,16,353.7148484
5,3,1,1G,42 GB,12,64 GB,16,353.7148484
5,3,1,1G,42 GB,12,64 GB,16,353.7148484
5,3,1,1G,42 GB,12,64 GB,16,353.7148484
5,3,1,1G,42 GB,12,64 GB,16,353.7148484
5,3,1,1G,42 GB,12,64 GB,16,353.7148484
5,3,1,1G,42 GB,12,64 GB,16,335.1416696
5,3,1,1G,42 GB,12,64 GB,16,335.1416696
5,3,1,1G,42 GB,12,64 GB,16,335.1416696
5,3,1,1G,42 GB,12,64 GB,16,335.1416696
5,3,1,1G,42 GB,12,64 GB,16,335.1416696
5,3,1,1G,42 GB,12,64 GB,16,335.1416696
5,3,1,1G,42 GB,12,64 GB,16,335.1416696
5,3,1,1G,42 GB,12,64 GB,16,335.1416696
5,3,1,1G,42 GB,12,64 GB,16,335.1416696
5,3,1,1G,42 GB,12,64 GB,16,319.6277319
5,3,1,1G,42 GB,12,64 GB,16,319.6277319
5,3,1,1G,42 GB,12,64 GB,16,319.6277319
5,3,1,1G,42 GB,12,64 GB,16,319.6277319
5,3,1,1G,42 GB,12,64 GB,16,319.6277319
5,3,1,1G,42 GB,12,64 GB,16,319.6277319
5,3,1,1G,42 GB,12,64 GB,16,319.6277319
5,3,1,1G,42 GB,12,64 GB,16,319.6277319
5,3,1,1G,42 GB,12,64 GB,16,319.6277319
5,3,1,1G,42 GB,12,64 GB,16,319.6277319
5,3,1,1G,42 GB,12,64 GB,16,319.6277319
5,3,1,1G,42 GB,12,64 GB,16,319.6277319
5,4,1,1G,56 GB,16,64 GB,16,144.7561461
5,4,1,1G,56 GB,16,64 GB,16,144.7561461
5,4,1,1G,56 GB,16,64 GB,16,144.7561461
5,4,1,1G,56 GB,16,64 GB,16,144.7561461
5,4,1,1G,56 GB,16,64 GB,16,144.7561461
5,4,1,1G,56 GB,16,64 GB,16,144.7561461
5,4,1,1G,56 GB,16,64 GB,16,144.7561461
5,4,1,1G,56 GB,16,64 GB,16,144.7561461
5,4,1,1G,56 GB,16,64 GB,16,136.6853438
5,4,1,1G,56 GB,16,64 GB,16,136.6853438
5,4,1,1G,56 GB,16,64 GB,16,136.6853438
5,4,1,1G,56 GB,16,64 GB,16,136.6853438
5,4,1,1G,56 GB,16,64 GB,16,136.6853438
5,4,1,1G,56 GB,16,64 GB,16,136.6853438
5,4,1,1G,56 GB,16,64 GB,16,136.6853438
5,4,1,1G,56 GB,16,64 GB,16,136.6853438
5,4,1,1G,56 GB,16,64 GB,16,131.8616863
5,4,1,1G,56 GB,16,64 GB,16,131.8616863
5,4,1,1G,56 GB,16,64 GB,16,131.8616863
5,4,1,1G,56 GB,16,64 GB,16,131.8616863
5,4,1,1G,56 GB,16,64 GB,16,131.8616863
5,4,1,1G,56 GB,16,64 GB,16,131.8616863
5,4,1,1G,56 GB,16,64 GB,16,131.8616863
5,4,1,1G,56 GB,16,64 GB,16,131.8616863
5,4,1,1G,56 GB,16,64 GB,16,131.8616863
5,4,1,1G,56 GB,16,64 GB,16,131.8616863
5,4,1,1G,56 GB,16,64 GB,16,131.8616863
5,4,1,1G,56 GB,16,64 GB,16,131.8616863
5,4,1,1G,56 GB,16,64 GB,16,131.8616863
5,4,1,1G,56 GB,16,64 GB,16,131.8616863
5,4,1,1G,56 GB,16,64 GB,16,131.8616863
5,4,1,1G,56 GB,16,64 GB,16,131.8616863
5,4,1,1G,56 GB,16,64 GB,16,131.8616863
5,4,1,1G,56 GB,16,64 GB,16,131.8616863
5,4,1,1G,56 GB,16,64 GB,16,131.8616863
5,4,1,1G,56 GB,16,64 GB,16,131.8616863
5,4,1,1G,56 GB,16,64 GB,16,131.8616863
5,4,1,1G,56 GB,16,64 GB,16,131.8616863
5,4,1,1G,56 GB,16,64 GB,16,131.8616863
5,4,1,1G,56 GB,16,64 GB,16,131.8616863
5,4,1,1G,56 GB,16,64 GB,16,131.8616863
5,4,1,1G,56 GB,16,64 GB,16,131.8616863
15,4,1,1G,56 GB,16,64 GB,16,255.310142
15,4,1,1G,56 GB,16,64 GB,16,255.310142
15,4,1,1G,56 GB,16,64 GB,16,255.310142
15,4,1,1G,56 GB,16,64 GB,16,255.310142
15,4,1,1G,56 GB,16,64 GB,16,255.310142
15,4,1,1G,56 GB,16,64 GB,16,255.310142
15,4,1,1G,56 GB,16,64 GB,16,255.310142
15,4,1,1G,56 GB,16,64 GB,16,255.310142
15,4,1,1G,56 GB,16,64 GB,16,255.310142
15,4,1,1G,56 GB,16,64 GB,16,255.310142
15,4,1,1G,56 GB,16,64 GB,16,255.310142
15,4,1,1G,56 GB,16,64 GB,16,255.310142
15,4,1,1G,56 GB,16,64 GB,16,255.310142
15,4,1,1G,56 GB,16,64 GB,16,255.310142
15,4,1,1G,56 GB,16,64 GB,16,255.310142
15,4,1,1G,56 GB,16,64 GB,16,255.310142
15,4,1,1G,56 GB,16,64 GB,16,255.310142
15,4,1,1G,56 GB,16,64 GB,16,255.310142
15,4,1,1G,56 GB,16,64 GB,16,255.310142
15,4,1,1G,56 GB,16,64 GB,16,255.310142
15,4,1,1G,56 GB,16,64 GB,16,255.310142
15,4,1,1G,56 GB,16,64 GB,16,255.310142
15,4,1,1G,56 GB,16,64 GB,16,255.310142
15,4,1,1G,56 GB,16,64 GB,16,255.310142
15,4,1,1G,56 GB,16,64 GB,16,255.310142
15,4,1,1G,56 GB,16,64 GB,16,255.310142
15,4,1,1G,56 GB,16,64 GB,16,255.310142
15,4,1,1G,56 GB,16,64 GB,16,255.310142
15,4,1,1G,56 GB,16,64 GB,16,255.310142
15,4,1,1G,56 GB,16,64 GB,16,255.310142
15,4,1,1G,56 GB,16,64 GB,16,255.310142
15,4,1,1G,56 GB,16,64 GB,16,255.310142
15,4,1,1G,56 GB,16,64 GB,16,255.310142
20,4,1,1G,56 GB,16,64 GB,16,353.5301485
20,4,1,1G,56 GB,16,64 GB,16,353.5301485
20,4,1,1G,56 GB,16,64 GB,16,353.5301485
20,4,1,1G,56 GB,16,64 GB,16,353.5301485
20,4,1,1G,56 GB,16,64 GB,16,353.5301485
20,4,1,1G,56 GB,16,64 GB,16,353.5301485
20,4,1,1G,56 GB,16,64 GB,16,353.5301485
20,4,1,1G,56 GB,16,64 GB,16,353.5301485
20,4,1,1G,56 GB,16,64 GB,16,353.5301485
5,4,1,1G,56 GB,16,64 GB,16,332.9407145
5,4,1,1G,56 GB,16,64 GB,16,332.9407145
5,4,1,1G,56 GB,16,64 GB,16,332.9407145
5,4,1,1G,56 GB,16,64 GB,16,332.9407145
5,4,1,1G,56 GB,16,64 GB,16,332.9407145
5,4,1,1G,56 GB,16,64 GB,16,332.9407145
5,4,1,1G,56 GB,16,64 GB,16,332.9407145
5,4,1,1G,56 GB,16,64 GB,16,332.9407145
5,4,1,1G,56 GB,16,64 GB,16,315.6371203
5,4,1,1G,56 GB,16,64 GB,16,315.6371203
5,4,1,1G,56 GB,16,64 GB,16,315.6371203
5,4,1,1G,56 GB,16,64 GB,16,315.6371203
5,4,1,1G,56 GB,16,64 GB,16,315.6371203
5,4,1,1G,56 GB,16,64 GB,16,315.6371203
5,4,1,1G,56 GB,16,64 GB,16,315.6371203
5,4,1,1G,56 GB,16,64 GB,16,315.6371203
5,4,1,1G,56 GB,16,64 GB,16,300.9225433
5,4,1,1G,56 GB,16,64 GB,16,300.9225433
5,4,1,1G,56 GB,16,64 GB,16,300.9225433
5,4,1,1G,56 GB,16,64 GB,16,300.9225433
5,4,1,1G,56 GB,16,64 GB,16,300.9225433
5,4,1,1G,56 GB,16,64 GB,16,300.9225433
5,4,1,1G,56 GB,16,64 GB,16,300.9225433
5,4,1,1G,56 GB,16,64 GB,16,300.9225433
5,4,1,1G,56 GB,16,64 GB,16,300.9225433
5,4,1,1G,56 GB,16,64 GB,16,300.9225433
5,4,1,1G,56 GB,16,64 GB,16,300.9225433
5,4,1,1G,56 GB,16,64 GB,16,300.9225433
5,4,1,1G,56 GB,16,64 GB,16,300.9225433
5,4,1,1G,56 GB,16,64 GB,16,300.9225433
5,4,1,1G,56 GB,16,64 GB,16,300.9225433
5,4,1,1G,56 GB,16,64 GB,16,300.9225433
5,4,1,1G,56 GB,16,64 GB,16,300.9225433
10,4,1,1G,56 GB,16,64 GB,16,294.2645809
10,4,1,1G,56 GB,16,64 GB,16,294.2645809
10,4,1,1G,56 GB,16,64 GB,16,294.2645809
10,4,1,1G,56 GB,16,64 GB,16,294.2645809
10,4,1,1G,56 GB,16,64 GB,16,294.2645809
10,4,1,1G,56 GB,16,64 GB,16,294.2645809
10,4,1,1G,56 GB,16,64 GB,16,294.2645809
10,4,1,1G,56 GB,16,64 GB,16,294.2645809
10,4,1,1G,56 GB,16,64 GB,16,294.2645809
10,4,1,1G,56 GB,16,64 GB,16,294.2645809
10,4,1,1G,56 GB,16,64 GB,16,294.2645809
10,4,1,1G,56 GB,16,64 GB,16,294.2645809
10,4,1,1G,56 GB,16,64 GB,16,294.2645809
10,4,1,1G,56 GB,16,64 GB,16,294.2645809
10,4,1,1G,56 GB,16,64 GB,16,294.2645809
10,4,1,1G,56 GB,16,64 GB,16,294.2645809
10,4,1,1G,56 GB,16,64 GB,16,294.2645809
10,4,1,1G,56 GB,16,64 GB,16,289.1719693
10,4,1,1G,56 GB,16,64 GB,16,289.1719693
10,4,1,1G,56 GB,16,64 GB,16,289.1719693
10,4,1,1G,56 GB,16,64 GB,16,289.1719693
10,4,1,1G,56 GB,16,64 GB,16,289.1719693
10,4,1,1G,56 GB,16,64 GB,16,289.1719693
10,4,1,1G,56 GB,16,64 GB,16,289.1719693
10,4,1,1G,56 GB,16,64 GB,16,289.1719693
5,4,1,1G,56 GB,16,64 GB,16,279.9806239
5,4,1,1G,56 GB,16,64 GB,16,279.9806239
5,4,1,1G,56 GB,16,64 GB,16,279.9806239
5,4,1,1G,56 GB,16,64 GB,16,279.9806239
5,4,1,1G,56 GB,16,64 GB,16,279.9806239
5,4,1,1G,56 GB,16,64 GB,16,279.9806239
5,4,1,1G,56 GB,16,64 GB,16,279.9806239
5,4,1,1G,56 GB,16,64 GB,16,279.9806239
5,4,1,1G,56 GB,16,64 GB,16,271.5512931
5,4,1,1G,56 GB,16,64 GB,16,271.5512931
5,4,1,1G,56 GB,16,64 GB,16,271.5512931
5,4,1,1G,56 GB,16,64 GB,16,271.5512931
5,4,1,1G,56 GB,16,64 GB,16,271.5512931
5,4,1,1G,56 GB,16,64 GB,16,271.5512931
5,4,1,1G,56 GB,16,64 GB,16,271.5512931
5,4,1,1G,56 GB,16,64 GB,16,271.5512931
5,4,1,1G,56 GB,16,64 GB,16,271.5512931
5,4,1,1G,56 GB,16,64 GB,16,264.0009496
5,4,1,1G,56 GB,16,64 GB,16,264.0009496
