online user,# Spark workers,#VMs,size of data,Amount of memory of workers,vCPU per workers,total memory,cores of VMs,throughput
5,1,1,100 KB,14 GB,4,64 GB,16,0
5,1,1,100 KB,14 GB,4,64 GB,16,3
5,1,1,100 KB,14 GB,4,64 GB,16,6.1666
5,1,1,100 KB,14 GB,4,64 GB,16,5.777
5,1,1,100 KB,14 GB,4,64 GB,16,7
5,1,1,100 KB,14 GB,4,64 GB,16,6.666
5,1,1,100 KB,14 GB,4,64 GB,16,7.444
5,1,1,100 KB,14 GB,4,64 GB,16,7.142
5,1,1,100 KB,14 GB,4,64 GB,16,7.625
5,1,1,100 KB,14 GB,4,64 GB,16,7.407
5,1,1,100 KB,14 GB,4,64 GB,16,7.8
5,1,1,100 KB,14 GB,4,64 GB,16,7.636
5,1,1,100 KB,14 GB,4,64 GB,16,7.9444
5,1,1,100 KB,14 GB,4,64 GB,16,7.82
5,1,1,100 KB,14 GB,4,64 GB,16,8.119
5,1,1,100 KB,14 GB,4,64 GB,16,7.977
5,1,1,100 KB,14 GB,4,64 GB,16,8.208
5,1,1,100 KB,14 GB,4,64 GB,16,8.078
5,1,1,100 KB,14 GB,4,64 GB,16,8.296
15,1,1,100 KB,14 GB,4,64 GB,16,8.157
15,1,1,100 KB,14 GB,4,64 GB,16,8.45
15,1,1,100 KB,14 GB,4,64 GB,16,8.476
15,1,1,100 KB,14 GB,4,64 GB,16,8.818
15,1,1,100 KB,14 GB,4,64 GB,16,8.739
15,1,1,100 KB,14 GB,4,64 GB,16,9.041
15,1,1,100 KB,14 GB,4,64 GB,16,9.04
15,1,1,100 KB,14 GB,4,64 GB,16,9.307
15,1,1,100 KB,14 GB,4,64 GB,16,9.296
15,1,1,100 KB,14 GB,4,64 GB,16,9.535
15,1,1,100 KB,14 GB,4,64 GB,16,9.482
15,1,1,100 KB,14 GB,4,64 GB,16,9.7
15,1,1,100 KB,14 GB,4,64 GB,16,9.64516129
15,1,1,100 KB,14 GB,4,64 GB,16,9.875
15,1,1,100 KB,14 GB,4,64 GB,16,9.818181818
15,1,1,100 KB,14 GB,4,64 GB,16,10.02941176
15,1,1,100 KB,14 GB,4,64 GB,16,9.971428571
15,1,1,100 KB,14 GB,4,64 GB,16,10.13888889
15,1,1,100 KB,14 GB,4,64 GB,16,10.08108108
15,1,1,100 KB,14 GB,4,64 GB,16,10.26315789
20,1,1,100 KB,14 GB,4,64 GB,16,10.20512821
20,1,1,100 KB,14 GB,4,64 GB,16,10.375
20,1,1,100 KB,14 GB,4,64 GB,16,10.3495935
20,1,1,100 KB,14 GB,4,64 GB,16,10.51587302
20,1,1,100 KB,14 GB,4,64 GB,16,10.45736434
20,1,1,100 KB,14 GB,4,64 GB,16,10.58333333
20,1,1,100 KB,14 GB,4,64 GB,16,10.52592593
20,1,1,100 KB,14 GB,4,64 GB,16,10.64492754
20,1,1,100 KB,14 GB,4,64 GB,16,10.61702128
20,1,1,100 KB,14 GB,4,64 GB,16,10.72916667
20,1,1,100 KB,14 GB,4,64 GB,16,10.67346939
20,1,1,100 KB,14 GB,4,64 GB,16,10.80666667
20,1,1,100 KB,14 GB,4,64 GB,16,10.75163399
20,1,1,100 KB,14 GB,4,64 GB,16,10.87820513
20,1,1,100 KB,14 GB,4,64 GB,16,10.82389937
20,1,1,100 KB,14 GB,4,64 GB,16,10.94444444
20,1,1,100 KB,14 GB,4,64 GB,16,10.91515152
20,1,1,100 KB,14 GB,4,64 GB,16,11.0297619
20,1,1,100 KB,14 GB,4,64 GB,16,10.97660819
20,1,1,100 KB,14 GB,4,64 GB,16,11.06321839
5,1,1,100 KB,14 GB,4,64 GB,16,11.03389831
5,1,1,100 KB,14 GB,4,64 GB,16,11.07777778
5,1,1,100 KB,14 GB,4,64 GB,16,10.99453552
5,1,1,100 KB,14 GB,4,64 GB,16,11.00537634
5,1,1,100 KB,14 GB,4,64 GB,16,10.92592593
5,1,1,100 KB,14 GB,4,64 GB,16,10.94270833
5,1,1,100 KB,14 GB,4,64 GB,16,10.86666667
5,1,1,100 KB,14 GB,4,64 GB,16,10.88383838
5,1,1,100 KB,14 GB,4,64 GB,16,10.8159204
5,1,1,100 KB,14 GB,4,64 GB,16,10.83823529
5,1,1,100 KB,14 GB,4,64 GB,16,10.76328502
5,1,1,100 KB,14 GB,4,64 GB,16,10.78095238
5,1,1,100 KB,14 GB,4,64 GB,16,10.71361502
5,1,1,100 KB,14 GB,4,64 GB,16,10.74074074
5,1,1,100 KB,14 GB,4,64 GB,16,10.67579909
5,1,1,100 KB,14 GB,4,64 GB,16,10.6981982
5,1,1,100 KB,14 GB,4,64 GB,16,10.63555556
5,1,1,100 KB,14 GB,4,64 GB,16,10.65350877
5,1,1,100 KB,14 GB,4,64 GB,16,10.5974026
5,1,1,100 KB,14 GB,4,64 GB,16,10.61965812
10,1,1,100 KB,14 GB,4,64 GB,16,10.56118143
10,1,1,100 KB,14 GB,4,64 GB,16,10.60416667
10,1,1,100 KB,14 GB,4,64 GB,16,10.57201646
10,1,1,100 KB,14 GB,4,64 GB,16,10.60569106
10,1,1,100 KB,14 GB,4,64 GB,16,10.56626506
10,1,1,100 KB,14 GB,4,64 GB,16,10.60714286
10,1,1,100 KB,14 GB,4,64 GB,16,10.56862745
10,1,1,100 KB,14 GB,4,64 GB,16,10.61627907
10,1,1,100 KB,14 GB,4,64 GB,16,10.57854406
10,1,1,100 KB,14 GB,4,64 GB,16,10.64015152
10,1,1,100 KB,14 GB,4,64 GB,16,10.60299625
10,1,1,100 KB,14 GB,4,64 GB,16,10.65555556
10,1,1,100 KB,14 GB,4,64 GB,16,10.61904762
10,1,1,100 KB,14 GB,4,64 GB,16,10.67028986
10,1,1,100 KB,14 GB,4,64 GB,16,10.64157706
10,1,1,100 KB,14 GB,4,64 GB,16,10.69858156
10,1,1,100 KB,14 GB,4,64 GB,16,10.66315789
10,1,1,100 KB,14 GB,4,64 GB,16,10.71875
10,1,1,100 KB,14 GB,4,64 GB,16,10.69072165
10,1,1,100 KB,14 GB,4,64 GB,16,10.73809524
5,1,1,100 KB,14 GB,4,64 GB,16,10.71043771
5,1,1,100 KB,14 GB,4,64 GB,16,10.74333333
5,1,1,100 KB,14 GB,4,64 GB,16,10.69636964
5,1,1,100 KB,14 GB,4,64 GB,16,10.70915033
5,1,1,100 KB,14 GB,4,64 GB,16,10.66343042
5,1,1,100 KB,14 GB,4,64 GB,16,10.67628205
5,1,1,100 KB,14 GB,4,64 GB,16,10.63174603
5,1,1,100 KB,14 GB,4,64 GB,16,10.64465409
5,1,1,100 KB,14 GB,4,64 GB,16,10.60124611
5,1,1,100 KB,14 GB,4,64 GB,16,10.61419753
5,1,1,100 KB,14 GB,4,64 GB,16,10.57186544
5,1,1,100 KB,14 GB,4,64 GB,16,10.58484848
5,1,1,100 KB,14 GB,4,64 GB,16,10.54354354
5,1,1,100 KB,14 GB,4,64 GB,16,10.55357143
5,1,1,100 KB,14 GB,4,64 GB,16,10.51622419
5,1,1,100 KB,14 GB,4,64 GB,16,10.52631579
5,1,1,100 KB,14 GB,4,64 GB,16,10.48985507
5,1,1,100 KB,14 GB,4,64 GB,16,10.50287356
5,1,1,100 KB,14 GB,4,64 GB,16,10.46438746
5,1,1,100 KB,14 GB,4,64 GB,16,10.47457627
5,1,1,100 KB,14 GB,4,64 GB,16,10.43417367
5,2,1,100 KB,28 GB,8,64 GB,16,0
5,2,1,100 KB,28 GB,8,64 GB,16,10
5,2,1,100 KB,28 GB,8,64 GB,16,8.5
5,2,1,100 KB,28 GB,8,64 GB,16,8.333333333
5,2,1,100 KB,28 GB,8,64 GB,16,7.583333333
5,2,1,100 KB,28 GB,8,64 GB,16,8.2
5,2,1,100 KB,28 GB,8,64 GB,16,7.777777778
5,2,1,100 KB,28 GB,8,64 GB,16,8.238095238
5,2,1,100 KB,28 GB,8,64 GB,16,7.875
5,2,1,100 KB,28 GB,8,64 GB,16,8.185185185
5,2,1,100 KB,28 GB,8,64 GB,16,7.933333333
5,2,1,100 KB,28 GB,8,64 GB,16,8.212121212
5,2,1,100 KB,28 GB,8,64 GB,16,7.972222222
5,2,1,100 KB,28 GB,8,64 GB,16,8.256410256
5,2,1,100 KB,28 GB,8,64 GB,16,8.095238095
5,2,1,100 KB,28 GB,8,64 GB,16,8.333333333
5,2,1,100 KB,28 GB,8,64 GB,16,8.208333333
5,2,1,100 KB,28 GB,8,64 GB,16,8.411764706
5,2,1,100 KB,28 GB,8,64 GB,16,8.259259259
15,2,1,100 KB,28 GB,8,64 GB,16,8.596491228
15,2,1,100 KB,28 GB,8,64 GB,16,8.566666667
15,2,1,100 KB,28 GB,8,64 GB,16,8.920634921
15,2,1,100 KB,28 GB,8,64 GB,16,8.924242424
15,2,1,100 KB,28 GB,8,64 GB,16,9.275362319
15,2,1,100 KB,28 GB,8,64 GB,16,9.263888889
15,2,1,100 KB,28 GB,8,64 GB,16,9.573333333
15,2,1,100 KB,28 GB,8,64 GB,16,9.512820513
15,2,1,100 KB,28 GB,8,64 GB,16,9.75308642
15,2,1,100 KB,28 GB,8,64 GB,16,9.726190476
15,2,1,100 KB,28 GB,8,64 GB,16,9.942528736
15,2,1,100 KB,28 GB,8,64 GB,16,9.877777778
15,2,1,100 KB,28 GB,8,64 GB,16,10.13978495
15,2,1,100 KB,28 GB,8,64 GB,16,10.07291667
15,2,1,100 KB,28 GB,8,64 GB,16,10.25252525
15,2,1,100 KB,28 GB,8,64 GB,16,10.21568627
15,2,1,100 KB,28 GB,8,64 GB,16,10.40952381
15,2,1,100 KB,28 GB,8,64 GB,16,10.34259259
15,2,1,100 KB,28 GB,8,64 GB,16,10.54954955
15,2,1,100 KB,28 GB,8,64 GB,16,10.50877193
20,2,1,100 KB,28 GB,8,64 GB,16,10.66666667
20,2,1,100 KB,28 GB,8,64 GB,16,10.63333333
20,2,1,100 KB,28 GB,8,64 GB,16,10.76422764
20,2,1,100 KB,28 GB,8,64 GB,16,10.6984127
20,2,1,100 KB,28 GB,8,64 GB,16,10.85271318
20,2,1,100 KB,28 GB,8,64 GB,16,10.78787879
20,2,1,100 KB,28 GB,8,64 GB,16,10.93333333
20,2,1,100 KB,28 GB,8,64 GB,16,10.50724638
20,2,1,100 KB,28 GB,8,64 GB,16,11.0070922
20,2,1,100 KB,28 GB,8,64 GB,16,10.94444444
20,2,1,100 KB,28 GB,8,64 GB,16,11.04761905
20,2,1,100 KB,28 GB,8,64 GB,16,10.98666667
20,2,1,100 KB,28 GB,8,64 GB,16,11.11111111
20,2,1,100 KB,28 GB,8,64 GB,16,11.05128205
20,2,1,100 KB,28 GB,8,64 GB,16,11.19496855
20,2,1,100 KB,28 GB,8,64 GB,16,11.13580247
20,2,1,100 KB,28 GB,8,64 GB,16,11.27272727
20,2,1,100 KB,28 GB,8,64 GB,16,11.21428571
20,2,1,100 KB,28 GB,8,64 GB,16,11.32163743
20,2,1,100 KB,28 GB,8,64 GB,16,11.28735632
5,2,1,100 KB,28 GB,8,64 GB,16,11.33333333
5,2,1,100 KB,28 GB,8,64 GB,16,11.24444444
5,2,1,100 KB,28 GB,8,64 GB,16,11.26229508
5,2,1,100 KB,28 GB,8,64 GB,16,11.1827957
5,2,1,100 KB,28 GB,8,64 GB,16,11.2010582
5,2,1,100 KB,28 GB,8,64 GB,16,11.11458333
5,2,1,100 KB,28 GB,8,64 GB,16,11.12307692
5,2,1,100 KB,28 GB,8,64 GB,16,11.04545455
5,2,1,100 KB,28 GB,8,64 GB,16,11.04975124
5,2,1,100 KB,28 GB,8,64 GB,16,10.97058824
5,2,1,100 KB,28 GB,8,64 GB,16,10.98067633
5,2,1,100 KB,28 GB,8,64 GB,16,10.90952381
5,2,1,100 KB,28 GB,8,64 GB,16,10.92488263
5,2,1,100 KB,28 GB,8,64 GB,16,10.85185185
5,2,1,100 KB,28 GB,8,64 GB,16,10.86757991
5,2,1,100 KB,28 GB,8,64 GB,16,10.7972973
5,2,1,100 KB,28 GB,8,64 GB,16,10.80444444
5,2,1,100 KB,28 GB,8,64 GB,16,10.73245614
5,2,1,100 KB,28 GB,8,64 GB,16,10.74458874
5,2,1,100 KB,28 GB,8,64 GB,16,10.67948718
10,2,1,100 KB,28 GB,8,64 GB,16,10.72151899
10,2,1,100 KB,28 GB,8,64 GB,16,10.67916667
10,2,1,100 KB,28 GB,8,64 GB,16,10.73662551
10,2,1,100 KB,28 GB,8,64 GB,16,10.70325203
10,2,1,100 KB,28 GB,8,64 GB,16,10.75903614
10,2,1,100 KB,28 GB,8,64 GB,16,10.71031746
10,2,1,100 KB,28 GB,8,64 GB,16,10.75686275
10,2,1,100 KB,28 GB,8,64 GB,16,10.71705426
10,2,1,100 KB,28 GB,8,64 GB,16,10.77011494
10,2,1,100 KB,28 GB,8,64 GB,16,10.73863636
10,2,1,100 KB,28 GB,8,64 GB,16,10.80524345
10,2,1,100 KB,28 GB,8,64 GB,16,10.76666667
10,2,1,100 KB,28 GB,8,64 GB,16,10.80952381
10,2,1,100 KB,28 GB,8,64 GB,16,10.77173913
10,2,1,100 KB,28 GB,8,64 GB,16,10.82078853
10,2,1,100 KB,28 GB,8,64 GB,16,10.78368794
10,2,1,100 KB,28 GB,8,64 GB,16,10.83157895
10,2,1,100 KB,28 GB,8,64 GB,16,10.80902778
10,2,1,100 KB,28 GB,8,64 GB,16,10.86254296
10,2,1,100 KB,28 GB,8,64 GB,16,10.83333333
5,2,1,100 KB,28 GB,8,64 GB,16,10.87205387
5,2,1,100 KB,28 GB,8,64 GB,16,10.82333333
5,2,1,100 KB,28 GB,8,64 GB,16,10.8349835
5,2,1,100 KB,28 GB,8,64 GB,16,10.7875817
5,2,1,100 KB,28 GB,8,64 GB,16,10.7961165
5,2,1,100 KB,28 GB,8,64 GB,16,10.74679487
5,2,1,100 KB,28 GB,8,64 GB,16,10.75555556
5,2,1,100 KB,28 GB,8,64 GB,16,10.71069182
5,2,1,100 KB,28 GB,8,64 GB,16,10.71962617
5,2,1,100 KB,28 GB,8,64 GB,16,10.67901235
5,2,1,100 KB,28 GB,8,64 GB,16,10.6941896
5,2,1,100 KB,28 GB,8,64 GB,16,10.64848485
5,2,1,100 KB,28 GB,8,64 GB,16,10.66066066
5,2,1,100 KB,28 GB,8,64 GB,16,10.61904762
5,2,1,100 KB,28 GB,8,64 GB,16,10.62831858
5,2,1,100 KB,28 GB,8,64 GB,16,10.58479532
5,2,1,100 KB,28 GB,8,64 GB,16,10.59130435
5,2,1,100 KB,28 GB,8,64 GB,16,10.55172414
5,2,1,100 KB,28 GB,8,64 GB,16,10.56410256
5,2,1,100 KB,28 GB,8,64 GB,16,10.52259887
5,2,1,100 KB,28 GB,8,64 GB,16,10.48459384
5,2,1,100 KB,28 GB,8,64 GB,16,10.39722222
5,3,1,100 KB,42 GB,12,64 GB,16,0
5,3,1,100 KB,42 GB,12,64 GB,16,0.333333333
5,3,1,100 KB,42 GB,12,64 GB,16,3.833333333
5,3,1,100 KB,42 GB,12,64 GB,16,4
5,3,1,100 KB,42 GB,12,64 GB,16,5.583333333
5,3,1,100 KB,42 GB,12,64 GB,16,5.533333333
5,3,1,100 KB,42 GB,12,64 GB,16,6.333333333
5,3,1,100 KB,42 GB,12,64 GB,16,6.19047619
5,3,1,100 KB,42 GB,12,64 GB,16,6.75
5,3,1,100 KB,42 GB,12,64 GB,16,6.62962963
5,3,1,100 KB,42 GB,12,64 GB,16,7.066666667
5,3,1,100 KB,42 GB,12,64 GB,16,6.878787879
5,3,1,100 KB,42 GB,12,64 GB,16,7.222222222
5,3,1,100 KB,42 GB,12,64 GB,16,7.076923077
5,3,1,100 KB,42 GB,12,64 GB,16,7.357142857
5,3,1,100 KB,42 GB,12,64 GB,16,7.266666667
5,3,1,100 KB,42 GB,12,64 GB,16,7.520833333
5,3,1,100 KB,42 GB,12,64 GB,16,7.392156863
5,3,1,100 KB,42 GB,12,64 GB,16,7.592592593
15,3,1,100 KB,42 GB,12,64 GB,16,7.49122807
15,3,1,100 KB,42 GB,12,64 GB,16,7.75
15,3,1,100 KB,42 GB,12,64 GB,16,7.761904762
15,3,1,100 KB,42 GB,12,64 GB,16,8.090909091
15,3,1,100 KB,42 GB,12,64 GB,16,8.086956522
15,3,1,100 KB,42 GB,12,64 GB,16,8.333333333
15,3,1,100 KB,42 GB,12,64 GB,16,8.32
15,3,1,100 KB,42 GB,12,64 GB,16,8.615384615
15,3,1,100 KB,42 GB,12,64 GB,16,8.592592593
15,3,1,100 KB,42 GB,12,64 GB,16,8.857142857
15,3,1,100 KB,42 GB,12,64 GB,16,8.827586207
15,3,1,100 KB,42 GB,12,64 GB,16,9.066666667
15,3,1,100 KB,42 GB,12,64 GB,16,9
15,3,1,100 KB,42 GB,12,64 GB,16,9.21875
15,3,1,100 KB,42 GB,12,64 GB,16,9.181818182
15,3,1,100 KB,42 GB,12,64 GB,16,9.411764706
15,3,1,100 KB,42 GB,12,64 GB,16,9.371428571
15,3,1,100 KB,42 GB,12,64 GB,16,9.583333333
15,3,1,100 KB,42 GB,12,64 GB,16,9.540540541
15,3,1,100 KB,42 GB,12,64 GB,16,9.710526316
20,3,1,100 KB,42 GB,12,64 GB,16,9.666666667
20,3,1,100 KB,42 GB,12,64 GB,16,9.808333333
20,3,1,100 KB,42 GB,12,64 GB,16,9.764227642
20,3,1,100 KB,42 GB,12,64 GB,16,9.912698413
20,3,1,100 KB,42 GB,12,64 GB,16,9.899224806
20,3,1,100 KB,42 GB,12,64 GB,16,10.03787879
20,3,1,100 KB,42 GB,12,64 GB,16,9.992592593
20,3,1,100 KB,42 GB,12,64 GB,16,10.0942029
20,3,1,100 KB,42 GB,12,64 GB,16,10.04964539
20,3,1,100 KB,42 GB,12,64 GB,16,10.17361111
20,3,1,100 KB,42 GB,12,64 GB,16,10.1292517
20,3,1,100 KB,42 GB,12,64 GB,16,10.24666667
20,3,1,100 KB,42 GB,12,64 GB,16,10.22875817
20,3,1,100 KB,42 GB,12,64 GB,16,10.36538462
20,3,1,100 KB,42 GB,12,64 GB,16,10.32075472
20,3,1,100 KB,42 GB,12,64 GB,16,10.45061728
20,3,1,100 KB,42 GB,12,64 GB,16,10.40606061
20,3,1,100 KB,42 GB,12,64 GB,16,10.5297619
20,3,1,100 KB,42 GB,12,64 GB,16,10.50877193
20,3,1,100 KB,42 GB,12,64 GB,16,10.62643678
5,3,1,100 KB,42 GB,12,64 GB,16,10.5819209
5,3,1,100 KB,42 GB,12,64 GB,16,10.67777778
5,3,1,100 KB,42 GB,12,64 GB,16,10.6010929
5,3,1,100 KB,42 GB,12,64 GB,16,10.62903226
5,3,1,100 KB,42 GB,12,64 GB,16,10.55555556
5,3,1,100 KB,42 GB,12,64 GB,16,1.019076305
5,3,1,100 KB,42 GB,12,64 GB,16,10.5025641
5,3,1,100 KB,42 GB,12,64 GB,16,10.51515152
5,3,1,100 KB,42 GB,12,64 GB,16,10.44278607
5,3,1,100 KB,42 GB,12,64 GB,16,10.45588235
5,3,1,100 KB,42 GB,12,64 GB,16,10.38164251
5,3,1,100 KB,42 GB,12,64 GB,16,10.4047619
5,3,1,100 KB,42 GB,12,64 GB,16,10.342723
5,3,1,100 KB,42 GB,12,64 GB,16,10.37037037
5,3,1,100 KB,42 GB,12,64 GB,16,10.31050228
5,3,1,100 KB,42 GB,12,64 GB,16,10.33333333
5,3,1,100 KB,42 GB,12,64 GB,16,10.27555556
5,3,1,100 KB,42 GB,12,64 GB,16,10.29385965
5,3,1,100 KB,42 GB,12,64 GB,16,10.23809524
5,3,1,100 KB,42 GB,12,64 GB,16,10.25641026
10,3,1,100 KB,42 GB,12,64 GB,16,10.19831224
10,3,1,100 KB,42 GB,12,64 GB,16,10.23333333
10,3,1,100 KB,42 GB,12,64 GB,16,10.20576132
10,3,1,100 KB,42 GB,12,64 GB,16,10.26829268
10,3,1,100 KB,42 GB,12,64 GB,16,10.23293173
10,3,1,100 KB,42 GB,12,64 GB,16,10.3015873
10,3,1,100 KB,42 GB,12,64 GB,16,10.26666667
10,3,1,100 KB,42 GB,12,64 GB,16,10.3255814
10,3,1,100 KB,42 GB,12,64 GB,16,10.29118774
10,3,1,100 KB,42 GB,12,64 GB,16,10.34848485
10,3,1,100 KB,42 GB,12,64 GB,16,10.31460674
10,3,1,100 KB,42 GB,12,64 GB,16,10.37037037
10,3,1,100 KB,42 GB,12,64 GB,16,10.34432234
10,3,1,100 KB,42 GB,12,64 GB,16,10.39855072
10,3,1,100 KB,42 GB,12,64 GB,16,10.37275986
10,3,1,100 KB,42 GB,12,64 GB,16,10.42553191
10,3,1,100 KB,42 GB,12,64 GB,16,10.4
10,3,1,100 KB,42 GB,12,64 GB,16,10.45138889
10,3,1,100 KB,42 GB,12,64 GB,16,10.42611684
10,3,1,100 KB,42 GB,12,64 GB,16,10.4829932
5,3,1,100 KB,42 GB,12,64 GB,16,10.45117845
5,3,1,100 KB,42 GB,12,64 GB,16,10.49
5,3,1,100 KB,42 GB,12,64 GB,16,10.44554455
5,3,1,100 KB,42 GB,12,64 GB,16,10.46078431
5,3,1,100 KB,42 GB,12,64 GB,16,10.41747573
5,3,1,100 KB,42 GB,12,64 GB,16,10.43589744
5,3,1,100 KB,42 GB,12,64 GB,16,10.39365079
5,3,1,100 KB,42 GB,12,64 GB,16,10.40566038
5,3,1,100 KB,42 GB,12,64 GB,16,10.36448598
5,3,1,100 KB,42 GB,12,64 GB,16,10.37345679
5,3,1,100 KB,42 GB,12,64 GB,16,10.33027523
5,3,1,100 KB,42 GB,12,64 GB,16,10.33939394
5,3,1,100 KB,42 GB,12,64 GB,16,10.2972973
5,3,1,100 KB,42 GB,12,64 GB,16,10.30952381
5,3,1,100 KB,42 GB,12,64 GB,16,10.27138643
5,3,1,100 KB,42 GB,12,64 GB,16,10.28654971
5,3,1,100 KB,42 GB,12,64 GB,16,10.24637681
5,3,1,100 KB,42 GB,12,64 GB,16,10.25862069
5,3,1,100 KB,42 GB,12,64 GB,16,10.22222222
5,3,1,100 KB,42 GB,12,64 GB,16,10.23163842
5,3,1,100 KB,42 GB,12,64 GB,16,10.19047619
5,4,1,100 KB,56 GB,16,64 GB,16,0
5,4,1,100 KB,56 GB,16,64 GB,16,0.333333333
5,4,1,100 KB,56 GB,16,64 GB,16,3.333333333
5,4,1,100 KB,56 GB,16,64 GB,16,3.555555556
5,4,1,100 KB,56 GB,16,64 GB,16,5
5,4,1,100 KB,56 GB,16,64 GB,16,5
5,4,1,100 KB,56 GB,16,64 GB,16,5.833333333
5,4,1,100 KB,56 GB,16,64 GB,16,5.666666667
5,4,1,100 KB,56 GB,16,64 GB,16,6.333333333
5,4,1,100 KB,56 GB,16,64 GB,16,6.222222222
5,4,1,100 KB,56 GB,16,64 GB,16,6.7
5,4,1,100 KB,56 GB,16,64 GB,16,6.575757576
5,4,1,100 KB,56 GB,16,64 GB,16,6.916666667
5,4,1,100 KB,56 GB,16,64 GB,16,6.794871795
5,4,1,100 KB,56 GB,16,64 GB,16,7.095238095
5,4,1,100 KB,56 GB,16,64 GB,16,7
5,4,1,100 KB,56 GB,16,64 GB,16,7.229166667
5,4,1,100 KB,56 GB,16,64 GB,16,7.137254902
5,4,1,100 KB,56 GB,16,64 GB,16,7.407407407
15,4,1,100 KB,56 GB,16,64 GB,16,7.315789474
15,4,1,100 KB,56 GB,16,64 GB,16,7.616666667
15,4,1,100 KB,56 GB,16,64 GB,16,7.634920635
15,4,1,100 KB,56 GB,16,64 GB,16,8.015151515
15,4,1,100 KB,56 GB,16,64 GB,16,7.971014493
15,4,1,100 KB,56 GB,16,64 GB,16,8.263888889
15,4,1,100 KB,56 GB,16,64 GB,16,8.213333333
15,4,1,100 KB,56 GB,16,64 GB,16,8.551282051
15,4,1,100 KB,56 GB,16,64 GB,16,8.530864198
15,4,1,100 KB,56 GB,16,64 GB,16,8.833333333
15,4,1,100 KB,56 GB,16,64 GB,16,8.804597701
15,4,1,100 KB,56 GB,16,64 GB,16,9.044444444
15,4,1,100 KB,56 GB,16,64 GB,16,9.010752688
15,4,1,100 KB,56 GB,16,64 GB,16,9.197916667
15,4,1,100 KB,56 GB,16,64 GB,16,9.131313131
15,4,1,100 KB,56 GB,16,64 GB,16,9.333333333
15,4,1,100 KB,56 GB,16,64 GB,16,9.295238095
15,4,1,100 KB,56 GB,16,64 GB,16,9.453703704
15,4,1,100 KB,56 GB,16,64 GB,16,9.414414414
15,4,1,100 KB,56 GB,16,64 GB,16,9.587719298
20,4,1,100 KB,56 GB,16,64 GB,16,9.572649573
20,4,1,100 KB,56 GB,16,64 GB,16,9.733333333
20,4,1,100 KB,56 GB,16,64 GB,16,9.691056911
20,4,1,100 KB,56 GB,16,64 GB,16,9.841269841
20,4,1,100 KB,56 GB,16,64 GB,16,9.829457364
20,4,1,100 KB,56 GB,16,64 GB,16,10
20,4,1,100 KB,56 GB,16,64 GB,16,9.955555556
20,4,1,100 KB,56 GB,16,64 GB,16,10.08695652
20,4,1,100 KB,56 GB,16,64 GB,16,10.04255319
20,4,1,100 KB,56 GB,16,64 GB,16,10.19444444
20,4,1,100 KB,56 GB,16,64 GB,16,10.14965986
20,4,1,100 KB,56 GB,16,64 GB,16,10.26666667
20,4,1,100 KB,56 GB,16,64 GB,16,10.22222222
20,4,1,100 KB,56 GB,16,64 GB,16,10.33333333
20,4,1,100 KB,56 GB,16,64 GB,16,10.28930818
20,4,1,100 KB,56 GB,16,64 GB,16,10.41975309
20,4,1,100 KB,56 GB,16,64 GB,16,10.37575758
20,4,1,100 KB,56 GB,16,64 GB,16,10.47619048
20,4,1,100 KB,56 GB,16,64 GB,16,10.43274854
20,4,1,100 KB,56 GB,16,64 GB,16,10.57471264
5,4,1,100 KB,56 GB,16,64 GB,16,10.53107345
5,4,1,100 KB,56 GB,16,64 GB,16,10.60555556
5,4,1,100 KB,56 GB,16,64 GB,16,10.53005464
5,4,1,100 KB,56 GB,16,64 GB,16,10.5483871
5,4,1,100 KB,56 GB,16,64 GB,16,10.47089947
5,4,1,100 KB,56 GB,16,64 GB,16,1.010040161
5,4,1,100 KB,56 GB,16,64 GB,16,10.40512821
5,4,1,100 KB,56 GB,16,64 GB,16,10.42424242
5,4,1,100 KB,56 GB,16,64 GB,16,10.35323383
5,4,1,100 KB,56 GB,16,64 GB,16,10.36764706
5,4,1,100 KB,56 GB,16,64 GB,16,10.30434783
5,4,1,100 KB,56 GB,16,64 GB,16,10.31904762
5,4,1,100 KB,56 GB,16,64 GB,16,10.25821596
5,4,1,100 KB,56 GB,16,64 GB,16,10.27777778
5,4,1,100 KB,56 GB,16,64 GB,16,10.21917808
5,4,1,100 KB,56 GB,16,64 GB,16,10.23873874
5,4,1,100 KB,56 GB,16,64 GB,16,10.18222222
5,4,1,100 KB,56 GB,16,64 GB,16,10.20175439
5,4,1,100 KB,56 GB,16,64 GB,16,10.14285714
5,4,1,100 KB,56 GB,16,64 GB,16,10.14957265
10,4,1,100 KB,56 GB,16,64 GB,16,10.08860759
10,4,1,100 KB,56 GB,16,64 GB,16,10.12916667
10,4,1,100 KB,56 GB,16,64 GB,16,10.09465021
10,4,1,100 KB,56 GB,16,64 GB,16,10.1504065
10,4,1,100 KB,56 GB,16,64 GB,16,10.11646586
10,4,1,100 KB,56 GB,16,64 GB,16,10.17857143
10,4,1,100 KB,56 GB,16,64 GB,16,10.14509804
10,4,1,100 KB,56 GB,16,64 GB,16,10.19767442
10,4,1,100 KB,56 GB,16,64 GB,16,10.17241379
10,4,1,100 KB,56 GB,16,64 GB,16,10.22348485
10,4,1,100 KB,56 GB,16,64 GB,16,10.19101124
10,4,1,100 KB,56 GB,16,64 GB,16,10.24074074
10,4,1,100 KB,56 GB,16,64 GB,16,10.21611722
10,4,1,100 KB,56 GB,16,64 GB,16,10.25724638
10,4,1,100 KB,56 GB,16,64 GB,16,10.22580645
10,4,1,100 KB,56 GB,16,64 GB,16,10.27304965
10,4,1,100 KB,56 GB,16,64 GB,16,10.24210526
10,4,1,100 KB,56 GB,16,64 GB,16,10.28819444
10,4,1,100 KB,56 GB,16,64 GB,16,10.25773196
10,4,1,100 KB,56 GB,16,64 GB,16,10.30272109
5,4,1,100 KB,56 GB,16,64 GB,16,10.26599327
5,4,1,100 KB,56 GB,16,64 GB,16,10.3
5,4,1,100 KB,56 GB,16,64 GB,16,10.25412541
5,4,1,100 KB,56 GB,16,64 GB,16,10.26143791
5,4,1,100 KB,56 GB,16,64 GB,16,10.22006472
5,4,1,100 KB,56 GB,16,64 GB,16,10.2275641
5,4,1,100 KB,56 GB,16,64 GB,16,10.18412698
5,4,1,100 KB,56 GB,16,64 GB,16,10.19496855
5,4,1,100 KB,56 GB,16,64 GB,16,10.14953271
5,4,1,100 KB,56 GB,16,64 GB,16,10.16049383
5,4,1,100 KB,56 GB,16,64 GB,16,10.11926606
5,4,1,100 KB,56 GB,16,64 GB,16,10.12424242
5,4,1,100 KB,56 GB,16,64 GB,16,10.08408408
5,4,1,100 KB,56 GB,16,64 GB,16,10.09821429
5,4,1,100 KB,56 GB,16,64 GB,16,10.06489676
5,4,1,100 KB,56 GB,16,64 GB,16,10.08479532
5,4,1,100 KB,56 GB,16,64 GB,16,10.04637681
5,4,1,100 KB,56 GB,16,64 GB,16,10.06609195
5,4,1,100 KB,56 GB,16,64 GB,16,10.03418803
5,4,1,100 KB,56 GB,16,64 GB,16,10.0480226
5,4,1,100 KB,56 GB,16,64 GB,16,10.0140056
5,1,1,147 MB,14 GB,4,64 GB,16,0
5,1,1,147 MB,14 GB,4,64 GB,16,0.333333333
5,1,1,147 MB,14 GB,4,64 GB,16,0.166666667
5,1,1,147 MB,14 GB,4,64 GB,16,0.222222222
5,1,1,147 MB,14 GB,4,64 GB,16,0.166666667
5,1,1,147 MB,14 GB,4,64 GB,16,0.133333333
5,1,1,147 MB,14 GB,4,64 GB,16,0.166666667
5,1,1,147 MB,14 GB,4,64 GB,16,0.142857143
5,1,1,147 MB,14 GB,4,64 GB,16,0.125
5,1,1,147 MB,14 GB,4,64 GB,16,0.148148148
5,1,1,147 MB,14 GB,4,64 GB,16,0.133333333
5,1,1,147 MB,14 GB,4,64 GB,16,0.121212121
5,1,1,147 MB,14 GB,4,64 GB,16,0.138888889
5,1,1,147 MB,14 GB,4,64 GB,16,0.128205128
5,1,1,147 MB,14 GB,4,64 GB,16,0.119047619
5,1,1,147 MB,14 GB,4,64 GB,16,0.133333333
5,1,1,147 MB,14 GB,4,64 GB,16,0.125
5,1,1,147 MB,14 GB,4,64 GB,16,0.117647059
5,1,1,147 MB,14 GB,4,64 GB,16,0.12962963
5,1,1,147 MB,14 GB,4,64 GB,16,0.122807018
5,1,1,147 MB,14 GB,4,64 GB,16,0.116666667
5,1,1,147 MB,14 GB,4,64 GB,16,0.111111111
5,1,1,147 MB,14 GB,4,64 GB,16,0.106060606
5,1,1,147 MB,14 GB,4,64 GB,16,0.101449275
5,1,1,147 MB,14 GB,4,64 GB,16,0.097222222
5,1,1,147 MB,14 GB,4,64 GB,16,0.093333333
5,1,1,147 MB,14 GB,4,64 GB,16,0.08974359
15,1,1,147 MB,14 GB,4,64 GB,16,0.12345679
15,1,1,147 MB,14 GB,4,64 GB,16,0.119047619
15,1,1,147 MB,14 GB,4,64 GB,16,0.114942529
15,1,1,147 MB,14 GB,4,64 GB,16,0.111111111
15,1,1,147 MB,14 GB,4,64 GB,16,0.107526882
15,1,1,147 MB,14 GB,4,64 GB,16,0.104166667
15,1,1,147 MB,14 GB,4,64 GB,16,0.101010101
15,1,1,147 MB,14 GB,4,64 GB,16,0.098039216
15,1,1,147 MB,14 GB,4,64 GB,16,0.095238095
15,1,1,147 MB,14 GB,4,64 GB,16,0.12037037
15,1,1,147 MB,14 GB,4,64 GB,16,0.117117117
15,1,1,147 MB,14 GB,4,64 GB,16,0.114035088
15,1,1,147 MB,14 GB,4,64 GB,16,0.111111111
15,1,1,147 MB,14 GB,4,64 GB,16,0.108333333
15,1,1,147 MB,14 GB,4,64 GB,16,0.105691057
15,1,1,147 MB,14 GB,4,64 GB,16,0.103174603
15,1,1,147 MB,14 GB,4,64 GB,16,0.100775194
15,1,1,147 MB,14 GB,4,64 GB,16,0.121212121
15,1,1,147 MB,14 GB,4,64 GB,16,0.118518519
15,1,1,147 MB,14 GB,4,64 GB,16,0.115942029
15,1,1,147 MB,14 GB,4,64 GB,16,0.113475177
15,1,1,147 MB,14 GB,4,64 GB,16,0.111111111
15,1,1,147 MB,14 GB,4,64 GB,16,0.108843537
15,1,1,147 MB,14 GB,4,64 GB,16,0.106666667
15,1,1,147 MB,14 GB,4,64 GB,16,0.104575163
15,1,1,147 MB,14 GB,4,64 GB,16,0.102564103
15,1,1,147 MB,14 GB,4,64 GB,16,0.100628931
15,1,1,147 MB,14 GB,4,64 GB,16,0.098765432
15,1,1,147 MB,14 GB,4,64 GB,16,0.096969697
20,1,1,147 MB,14 GB,4,64 GB,16,0.119047619
20,1,1,147 MB,14 GB,4,64 GB,16,0.116959064
20,1,1,147 MB,14 GB,4,64 GB,16,0.114942529
20,1,1,147 MB,14 GB,4,64 GB,16,0.11299435
20,1,1,147 MB,14 GB,4,64 GB,16,0.111111111
20,1,1,147 MB,14 GB,4,64 GB,16,0.109289617
20,1,1,147 MB,14 GB,4,64 GB,16,0.107526882
20,1,1,147 MB,14 GB,4,64 GB,16,0.105820106
20,1,1,147 MB,14 GB,4,64 GB,16,0.010040161
20,1,1,147 MB,14 GB,4,64 GB,16,0.102564103
20,1,1,147 MB,14 GB,4,64 GB,16,0.101010101
20,1,1,147 MB,14 GB,4,64 GB,16,0.099502488
20,1,1,147 MB,14 GB,4,64 GB,16,0.117647059
20,1,1,147 MB,14 GB,4,64 GB,16,0.115942029
5,1,1,147 MB,14 GB,4,64 GB,16,0.119047619
5,1,1,147 MB,14 GB,4,64 GB,16,0.117370892
5,1,1,147 MB,14 GB,4,64 GB,16,0.115740741
5,1,1,147 MB,14 GB,4,64 GB,16,0.114155251
5,1,1,147 MB,14 GB,4,64 GB,16,0.117117117
5,1,1,147 MB,14 GB,4,64 GB,16,0.115555556
5,1,1,147 MB,14 GB,4,64 GB,16,0.118421053
5,1,1,147 MB,14 GB,4,64 GB,16,0.116883117
5,1,1,147 MB,14 GB,4,64 GB,16,0.115384615
5,1,1,147 MB,14 GB,4,64 GB,16,0.11814346
5,1,1,147 MB,14 GB,4,64 GB,16,0.116666667
5,1,1,147 MB,14 GB,4,64 GB,16,0.115226337
5,1,1,147 MB,14 GB,4,64 GB,16,0.117886179
5,1,1,147 MB,14 GB,4,64 GB,16,0.116465863
5,1,1,147 MB,14 GB,4,64 GB,16,0.115079365
5,1,1,147 MB,14 GB,4,64 GB,16,0.117647059
5,1,1,147 MB,14 GB,4,64 GB,16,0.11627907
5,1,1,147 MB,14 GB,4,64 GB,16,0.114942529
5,1,1,147 MB,14 GB,4,64 GB,16,0.117424242
5,1,1,147 MB,14 GB,4,64 GB,16,0.116104869
5,1,1,147 MB,14 GB,4,64 GB,16,0.114814815
5,1,1,147 MB,14 GB,4,64 GB,16,0.113553114
5,1,1,147 MB,14 GB,4,64 GB,16,0.112318841
5,1,1,147 MB,14 GB,4,64 GB,16,0.111111111
10,1,1,147 MB,14 GB,4,64 GB,16,0.117021277
10,1,1,147 MB,14 GB,4,64 GB,16,0.115789474
10,1,1,147 MB,14 GB,4,64 GB,16,0.114583333
10,1,1,147 MB,14 GB,4,64 GB,16,0.113402062
10,1,1,147 MB,14 GB,4,64 GB,16,0.112244898
10,1,1,147 MB,14 GB,4,64 GB,16,0.111111111
10,1,1,147 MB,14 GB,4,64 GB,16,0.116666667
10,1,1,147 MB,14 GB,4,64 GB,16,0.115511551
10,1,1,147 MB,14 GB,4,64 GB,16,0.114379085
10,1,1,147 MB,14 GB,4,64 GB,16,0.113268608
10,1,1,147 MB,14 GB,4,64 GB,16,0.112179487
10,1,1,147 MB,14 GB,4,64 GB,16,0.111111111
10,1,1,147 MB,14 GB,4,64 GB,16,0.116352201
10,1,1,147 MB,14 GB,4,64 GB,16,0.115264798
10,1,1,147 MB,14 GB,4,64 GB,16,0.114197531
10,1,1,147 MB,14 GB,4,64 GB,16,0.113149847
10,1,1,147 MB,14 GB,4,64 GB,16,0.112121212
10,1,1,147 MB,14 GB,4,64 GB,16,0.117117117
10,1,1,147 MB,14 GB,4,64 GB,16,0.116071429
10,1,1,147 MB,14 GB,4,64 GB,16,0.115044248
5,1,1,147 MB,14 GB,4,64 GB,16,0.116959064
5,1,1,147 MB,14 GB,4,64 GB,16,0.115942029
5,1,1,147 MB,14 GB,4,64 GB,16,0.114942529
5,1,1,147 MB,14 GB,4,64 GB,16,0.116809117
5,1,1,147 MB,14 GB,4,64 GB,16,0.115819209
5,1,1,147 MB,14 GB,4,64 GB,16,0.114845938
5,1,1,147 MB,14 GB,4,64 GB,16,0.116666667
5,1,1,147 MB,14 GB,4,64 GB,16,0.115702479
5,1,1,147 MB,14 GB,4,64 GB,16,0.114754098
5,1,1,147 MB,14 GB,4,64 GB,16,0.116531165
5,1,1,147 MB,14 GB,4,64 GB,16,0.115591398
5,1,1,147 MB,14 GB,4,64 GB,16,0.114666667
5,1,1,147 MB,14 GB,4,64 GB,16,0.116402116
5,1,1,147 MB,14 GB,4,64 GB,16,0.109725686
5,1,1,147 MB,14 GB,4,64 GB,16,0.108910891
5,1,1,147 MB,14 GB,4,64 GB,16,0.110565111
5,1,1,147 MB,14 GB,4,64 GB,16,0.109756098
5,1,1,147 MB,14 GB,4,64 GB,16,0.108958838
5,1,1,147 MB,14 GB,4,64 GB,16,0.110576923
5,2,1,147 MB,28 GB,8,64 GB,16,0
5,2,1,147 MB,28 GB,8,64 GB,16,0.333333333
5,2,1,147 MB,28 GB,8,64 GB,16,0.166666667
5,2,1,147 MB,28 GB,8,64 GB,16,0.222222222
5,2,1,147 MB,28 GB,8,64 GB,16,0.25
5,2,1,147 MB,28 GB,8,64 GB,16,0.2
5,2,1,147 MB,28 GB,8,64 GB,16,0.222222222
5,2,1,147 MB,28 GB,8,64 GB,16,0.238095238
5,2,1,147 MB,28 GB,8,64 GB,16,0.208333333
5,2,1,147 MB,28 GB,8,64 GB,16,0.222222222
5,2,1,147 MB,28 GB,8,64 GB,16,0.2
5,2,1,147 MB,28 GB,8,64 GB,16,0.212121212
5,2,1,147 MB,28 GB,8,64 GB,16,0.222222222
5,2,1,147 MB,28 GB,8,64 GB,16,0.205128205
5,2,1,147 MB,28 GB,8,64 GB,16,0.214285714
5,2,1,147 MB,28 GB,8,64 GB,16,0.222222222
5,2,1,147 MB,28 GB,8,64 GB,16,0.208333333
5,2,1,147 MB,28 GB,8,64 GB,16,0.215686275
5,2,1,147 MB,28 GB,8,64 GB,16,0.203703704
5,2,1,147 MB,28 GB,8,64 GB,16,0.210526316
5,2,1,147 MB,28 GB,8,64 GB,16,0.2
5,2,1,147 MB,28 GB,8,64 GB,16,0.19047619
15,2,1,147 MB,28 GB,8,64 GB,16,0.181818182
15,2,1,147 MB,28 GB,8,64 GB,16,0.217391304
15,2,1,147 MB,28 GB,8,64 GB,16,0.208333333
15,2,1,147 MB,28 GB,8,64 GB,16,0.2
15,2,1,147 MB,28 GB,8,64 GB,16,0.192307692
15,2,1,147 MB,28 GB,8,64 GB,16,0.185185185
15,2,1,147 MB,28 GB,8,64 GB,16,0.214285714
15,2,1,147 MB,28 GB,8,64 GB,16,0.206896552
15,2,1,147 MB,28 GB,8,64 GB,16,0.2
15,2,1,147 MB,28 GB,8,64 GB,16,0.193548387
15,2,1,147 MB,28 GB,8,64 GB,16,0.1875
15,2,1,147 MB,28 GB,8,64 GB,16,0.212121212
15,2,1,147 MB,28 GB,8,64 GB,16,0.205882353
15,2,1,147 MB,28 GB,8,64 GB,16,0.2
15,2,1,147 MB,28 GB,8,64 GB,16,0.194444444
15,2,1,147 MB,28 GB,8,64 GB,16,0.216216216
15,2,1,147 MB,28 GB,8,64 GB,16,0.210526316
15,2,1,147 MB,28 GB,8,64 GB,16,0.205128205
15,2,1,147 MB,28 GB,8,64 GB,16,0.2
15,2,1,147 MB,28 GB,8,64 GB,16,0.195121951
15,2,1,147 MB,28 GB,8,64 GB,16,0.214285714
15,2,1,147 MB,28 GB,8,64 GB,16,0.209302326
15,2,1,147 MB,28 GB,8,64 GB,16,0.204545455
15,2,1,147 MB,28 GB,8,64 GB,16,0.2
15,2,1,147 MB,28 GB,8,64 GB,16,0.195652174
20,2,1,147 MB,28 GB,8,64 GB,16,0.191489362
20,2,1,147 MB,28 GB,8,64 GB,16,0.215277778
20,2,1,147 MB,28 GB,8,64 GB,16,0.210884354
20,2,1,147 MB,28 GB,8,64 GB,16,0.206666667
20,2,1,147 MB,28 GB,8,64 GB,16,0.202614379
20,2,1,147 MB,28 GB,8,64 GB,16,0.198717949
20,2,1,147 MB,28 GB,8,64 GB,16,0.194968553
20,2,1,147 MB,28 GB,8,64 GB,16,0.216049383
20,2,1,147 MB,28 GB,8,64 GB,16,0.212121212
20,2,1,147 MB,28 GB,8,64 GB,16,0.208333333
20,2,1,147 MB,28 GB,8,64 GB,16,0.204678363
20,2,1,147 MB,28 GB,8,64 GB,16,0.201149425
20,2,1,147 MB,28 GB,8,64 GB,16,0.197740113
20,2,1,147 MB,28 GB,8,64 GB,16,0.194444444
20,2,1,147 MB,28 GB,8,64 GB,16,0.213114754
20,2,1,147 MB,28 GB,8,64 GB,16,0.209677419
20,2,1,147 MB,28 GB,8,64 GB,16,0.206349206
20,2,1,147 MB,28 GB,8,64 GB,16,0.019578313
20,2,1,147 MB,28 GB,8,64 GB,16,0.2
20,2,1,147 MB,28 GB,8,64 GB,16,0.196969697
5,2,1,147 MB,28 GB,8,64 GB,16,0.213930348
5,2,1,147 MB,28 GB,8,64 GB,16,0.215686275
5,2,1,147 MB,28 GB,8,64 GB,16,0.212560386
5,2,1,147 MB,28 GB,8,64 GB,16,0.214285714
5,2,1,147 MB,28 GB,8,64 GB,16,0.215962441
5,2,1,147 MB,28 GB,8,64 GB,16,0.212962963
5,2,1,147 MB,28 GB,8,64 GB,16,0.214611872
5,2,1,147 MB,28 GB,8,64 GB,16,0.211711712
5,2,1,147 MB,28 GB,8,64 GB,16,0.213333333
5,2,1,147 MB,28 GB,8,64 GB,16,0.214912281
5,2,1,147 MB,28 GB,8,64 GB,16,0.212121212
5,2,1,147 MB,28 GB,8,64 GB,16,0.213675214
5,2,1,147 MB,28 GB,8,64 GB,16,0.215189873
5,2,1,147 MB,28 GB,8,64 GB,16,0.2125
5,2,1,147 MB,28 GB,8,64 GB,16,0.21399177
5,2,1,147 MB,28 GB,8,64 GB,16,0.211382114
5,2,1,147 MB,28 GB,8,64 GB,16,0.212851406
5,2,1,147 MB,28 GB,8,64 GB,16,0.214285714
5,2,1,147 MB,28 GB,8,64 GB,16,0.215686275
5,2,1,147 MB,28 GB,8,64 GB,16,0.213178295
5,2,1,147 MB,28 GB,8,64 GB,16,0.214559387
5,2,1,147 MB,28 GB,8,64 GB,16,0.212121212
10,2,1,147 MB,28 GB,8,64 GB,16,0.209737828
10,2,1,147 MB,28 GB,8,64 GB,16,0.214814815
10,2,1,147 MB,28 GB,8,64 GB,16,0.212454212
10,2,1,147 MB,28 GB,8,64 GB,16,0.210144928
10,2,1,147 MB,28 GB,8,64 GB,16,0.215053763
10,2,1,147 MB,28 GB,8,64 GB,16,0.212765957
10,2,1,147 MB,28 GB,8,64 GB,16,0.210526316
10,2,1,147 MB,28 GB,8,64 GB,16,0.208333333
10,2,1,147 MB,28 GB,8,64 GB,16,0.213058419
10,2,1,147 MB,28 GB,8,64 GB,16,0.210884354
10,2,1,147 MB,28 GB,8,64 GB,16,0.215488215
10,2,1,147 MB,28 GB,8,64 GB,16,0.213333333
10,2,1,147 MB,28 GB,8,64 GB,16,0.211221122
10,2,1,147 MB,28 GB,8,64 GB,16,0.209150327
10,2,1,147 MB,28 GB,8,64 GB,16,0.213592233
10,2,1,147 MB,28 GB,8,64 GB,16,0.211538462
10,2,1,147 MB,28 GB,8,64 GB,16,0.20952381
10,2,1,147 MB,28 GB,8,64 GB,16,0.213836478
10,2,1,147 MB,28 GB,8,64 GB,16,0.211838006
10,2,1,147 MB,28 GB,8,64 GB,16,0.209876543
10,2,1,147 MB,28 GB,8,64 GB,16,0.214067278
5,2,1,147 MB,28 GB,8,64 GB,16,0.212121212
5,2,1,147 MB,28 GB,8,64 GB,16,0.213213213
5,2,1,147 MB,28 GB,8,64 GB,16,0.214285714
5,2,1,147 MB,28 GB,8,64 GB,16,0.212389381
5,2,1,147 MB,28 GB,8,64 GB,16,0.213450292
5,2,1,147 MB,28 GB,8,64 GB,16,0.214492754
5,2,1,147 MB,28 GB,8,64 GB,16,0.212643678
5,2,1,147 MB,28 GB,8,64 GB,16,0.213675214
5,2,1,147 MB,28 GB,8,64 GB,16,0.211864407
5,2,1,147 MB,28 GB,8,64 GB,16,0.212885154
5,2,1,147 MB,28 GB,8,64 GB,16,0.213888889
5,3,1,147 MB,42 GB,12,64 GB,16,0
5,3,1,147 MB,42 GB,12,64 GB,16,0.333333333
5,3,1,147 MB,42 GB,12,64 GB,16,0.333333333
5,3,1,147 MB,42 GB,12,64 GB,16,0.333333333
5,3,1,147 MB,42 GB,12,64 GB,16,0.333333333
5,3,1,147 MB,42 GB,12,64 GB,16,0.333333333
5,3,1,147 MB,42 GB,12,64 GB,16,0.333333333
5,3,1,147 MB,42 GB,12,64 GB,16,0.333333333
5,3,1,147 MB,42 GB,12,64 GB,16,0.291666667
5,3,1,147 MB,42 GB,12,64 GB,16,0.333333333
5,3,1,147 MB,42 GB,12,64 GB,16,0.3
5,3,1,147 MB,42 GB,12,64 GB,16,0.303030303
5,3,1,147 MB,42 GB,12,64 GB,16,0.305555556
5,3,1,147 MB,42 GB,12,64 GB,16,0.307692308
5,3,1,147 MB,42 GB,12,64 GB,16,0.30952381
5,3,1,147 MB,42 GB,12,64 GB,16,0.311111111
5,3,1,147 MB,42 GB,12,64 GB,16,0.3125
5,3,1,147 MB,42 GB,12,64 GB,16,0.31372549
5,3,1,147 MB,42 GB,12,64 GB,16,0.314814815
5,3,1,147 MB,42 GB,12,64 GB,16,0.315789474
5,3,1,147 MB,42 GB,12,64 GB,16,0.3
5,3,1,147 MB,42 GB,12,64 GB,16,0.285714286
15,3,1,147 MB,42 GB,12,64 GB,16,0.272727273
15,3,1,147 MB,42 GB,12,64 GB,16,0.304347826
15,3,1,147 MB,42 GB,12,64 GB,16,0.291666667
15,3,1,147 MB,42 GB,12,64 GB,16,0.28
15,3,1,147 MB,42 GB,12,64 GB,16,0.307692308
15,3,1,147 MB,42 GB,12,64 GB,16,0.296296296
15,3,1,147 MB,42 GB,12,64 GB,16,0.285714286
15,3,1,147 MB,42 GB,12,64 GB,16,0.310344828
15,3,1,147 MB,42 GB,12,64 GB,16,0.3
15,3,1,147 MB,42 GB,12,64 GB,16,0.290322581
15,3,1,147 MB,42 GB,12,64 GB,16,0.3125
15,3,1,147 MB,42 GB,12,64 GB,16,0.303030303
15,3,1,147 MB,42 GB,12,64 GB,16,0.294117647
15,3,1,147 MB,42 GB,12,64 GB,16,0.314285714
15,3,1,147 MB,42 GB,12,64 GB,16,0.305555556
15,3,1,147 MB,42 GB,12,64 GB,16,0.297297297
15,3,1,147 MB,42 GB,12,64 GB,16,0.289473684
15,3,1,147 MB,42 GB,12,64 GB,16,0.307692308
15,3,1,147 MB,42 GB,12,64 GB,16,0.3
15,3,1,147 MB,42 GB,12,64 GB,16,0.317073171
15,3,1,147 MB,42 GB,12,64 GB,16,0.30952381
15,3,1,147 MB,42 GB,12,64 GB,16,0.302325581
15,3,1,147 MB,42 GB,12,64 GB,16,0.295454545
20,3,1,147 MB,42 GB,12,64 GB,16,0.288888889
20,3,1,147 MB,42 GB,12,64 GB,16,0.311594203
20,3,1,147 MB,42 GB,12,64 GB,16,0.304964539
20,3,1,147 MB,42 GB,12,64 GB,16,0.298611111
20,3,1,147 MB,42 GB,12,64 GB,16,0.292517007
20,3,1,147 MB,42 GB,12,64 GB,16,0.313333333
20,3,1,147 MB,42 GB,12,64 GB,16,0.307189542
20,3,1,147 MB,42 GB,12,64 GB,16,0.301282051
20,3,1,147 MB,42 GB,12,64 GB,16,0.295597484
20,3,1,147 MB,42 GB,12,64 GB,16,0.314814815
20,3,1,147 MB,42 GB,12,64 GB,16,0.309090909
20,3,1,147 MB,42 GB,12,64 GB,16,0.303571429
20,3,1,147 MB,42 GB,12,64 GB,16,0.298245614
20,3,1,147 MB,42 GB,12,64 GB,16,0.293103448
20,3,1,147 MB,42 GB,12,64 GB,16,0.310734463
20,3,1,147 MB,42 GB,12,64 GB,16,0.305555556
20,3,1,147 MB,42 GB,12,64 GB,16,0.300546448
5,3,1,147 MB,42 GB,12,64 GB,16,0.295698925
5,3,1,147 MB,42 GB,12,64 GB,16,0.317460317
5,3,1,147 MB,42 GB,12,64 GB,16,0.030120482
5,3,1,147 MB,42 GB,12,64 GB,16,0.312820513
5,3,1,147 MB,42 GB,12,64 GB,16,0.313131313
5,3,1,147 MB,42 GB,12,64 GB,16,0.313432836
5,3,1,147 MB,42 GB,12,64 GB,16,0.31372549
5,3,1,147 MB,42 GB,12,64 GB,16,0.314009662
5,3,1,147 MB,42 GB,12,64 GB,16,0.314285714
5,3,1,147 MB,42 GB,12,64 GB,16,0.314553991
5,3,1,147 MB,42 GB,12,64 GB,16,0.314814815
5,3,1,147 MB,42 GB,12,64 GB,16,0.315068493
5,3,1,147 MB,42 GB,12,64 GB,16,0.315315315
5,3,1,147 MB,42 GB,12,64 GB,16,0.315555556
5,3,1,147 MB,42 GB,12,64 GB,16,0.311403509
5,3,1,147 MB,42 GB,12,64 GB,16,0.316017316
5,3,1,147 MB,42 GB,12,64 GB,16,0.311965812
5,3,1,147 MB,42 GB,12,64 GB,16,0.316455696
5,3,1,147 MB,42 GB,12,64 GB,16,0.3125
5,3,1,147 MB,42 GB,12,64 GB,16,0.312757202
5,3,1,147 MB,42 GB,12,64 GB,16,0.31300813
5,3,1,147 MB,42 GB,12,64 GB,16,0.313253012
10,3,1,147 MB,42 GB,12,64 GB,16,0.30952381
10,3,1,147 MB,42 GB,12,64 GB,16,0.31372549
10,3,1,147 MB,42 GB,12,64 GB,16,0.310077519
10,3,1,147 MB,42 GB,12,64 GB,16,0.314176245
10,3,1,147 MB,42 GB,12,64 GB,16,0.310606061
10,3,1,147 MB,42 GB,12,64 GB,16,0.314606742
10,3,1,147 MB,42 GB,12,64 GB,16,0.311111111
10,3,1,147 MB,42 GB,12,64 GB,16,0.315018315
10,3,1,147 MB,42 GB,12,64 GB,16,0.311594203
10,3,1,147 MB,42 GB,12,64 GB,16,0.315412186
10,3,1,147 MB,42 GB,12,64 GB,16,0.312056738
10,3,1,147 MB,42 GB,12,64 GB,16,0.315789474
10,3,1,147 MB,42 GB,12,64 GB,16,0.3125
10,3,1,147 MB,42 GB,12,64 GB,16,0.316151203
10,3,1,147 MB,42 GB,12,64 GB,16,0.31292517
10,3,1,147 MB,42 GB,12,64 GB,16,0.30976431
10,3,1,147 MB,42 GB,12,64 GB,16,0.313333333
10,3,1,147 MB,42 GB,12,64 GB,16,0.310231023
10,3,1,147 MB,42 GB,12,64 GB,16,0.31372549
10,3,1,147 MB,42 GB,12,64 GB,16,0.310679612
5,3,1,147 MB,42 GB,12,64 GB,16,0.314102564
5,3,1,147 MB,42 GB,12,64 GB,16,0.314285714
5,3,1,147 MB,42 GB,12,64 GB,16,0.314465409
5,3,1,147 MB,42 GB,12,64 GB,16,0.314641745
5,3,1,147 MB,42 GB,12,64 GB,16,0.314814815
5,3,1,147 MB,42 GB,12,64 GB,16,0.314984709
5,3,1,147 MB,42 GB,12,64 GB,16,0.315151515
5,3,1,147 MB,42 GB,12,64 GB,16,0.315315315
5,3,1,147 MB,42 GB,12,64 GB,16,0.3125
5,3,1,147 MB,42 GB,12,64 GB,16,0.315634218
5,3,1,147 MB,42 GB,12,64 GB,16,0.312865497
5,3,1,147 MB,42 GB,12,64 GB,16,0.315942029
5,3,1,147 MB,42 GB,12,64 GB,16,0.313218391
5,3,1,147 MB,42 GB,12,64 GB,16,0.313390313
5,3,1,147 MB,42 GB,12,64 GB,16,0.313559322
5,3,1,147 MB,42 GB,12,64 GB,16,0.31372549
5,4,1,147 MB,56 GB,16,64 GB,16,0
5,4,1,147 MB,56 GB,16,64 GB,16,0.333333333
5,4,1,147 MB,56 GB,16,64 GB,16,0.333333333
5,4,1,147 MB,56 GB,16,64 GB,16,0.222222222
5,4,1,147 MB,56 GB,16,64 GB,16,0.25
5,4,1,147 MB,56 GB,16,64 GB,16,0.266666667
5,4,1,147 MB,56 GB,16,64 GB,16,0.222222222
5,4,1,147 MB,56 GB,16,64 GB,16,0.238095238
5,4,1,147 MB,56 GB,16,64 GB,16,0.25
5,4,1,147 MB,56 GB,16,64 GB,16,0.259259259
5,4,1,147 MB,56 GB,16,64 GB,16,0.233333333
5,4,1,147 MB,56 GB,16,64 GB,16,0.242424242
5,4,1,147 MB,56 GB,16,64 GB,16,0.25
5,4,1,147 MB,56 GB,16,64 GB,16,0.256410256
5,4,1,147 MB,56 GB,16,64 GB,16,0.238095238
5,4,1,147 MB,56 GB,16,64 GB,16,0.244444444
5,4,1,147 MB,56 GB,16,64 GB,16,0.25
5,4,1,147 MB,56 GB,16,64 GB,16,0.254901961
5,4,1,147 MB,56 GB,16,64 GB,16,0.240740741
5,4,1,147 MB,56 GB,16,64 GB,16,0.245614035
5,4,1,147 MB,56 GB,16,64 GB,16,0.233333333
5,4,1,147 MB,56 GB,16,64 GB,16,0.222222222
15,4,1,147 MB,56 GB,16,64 GB,16,0.212121212
15,4,1,147 MB,56 GB,16,64 GB,16,0.246376812
15,4,1,147 MB,56 GB,16,64 GB,16,0.236111111
15,4,1,147 MB,56 GB,16,64 GB,16,0.226666667
15,4,1,147 MB,56 GB,16,64 GB,16,0.217948718
15,4,1,147 MB,56 GB,16,64 GB,16,0.24691358
15,4,1,147 MB,56 GB,16,64 GB,16,0.238095238
15,4,1,147 MB,56 GB,16,64 GB,16,0.229885057
15,4,1,147 MB,56 GB,16,64 GB,16,0.222222222
15,4,1,147 MB,56 GB,16,64 GB,16,0.247311828
15,4,1,147 MB,56 GB,16,64 GB,16,0.239583333
15,4,1,147 MB,56 GB,16,64 GB,16,0.232323232
15,4,1,147 MB,56 GB,16,64 GB,16,0.225490196
15,4,1,147 MB,56 GB,16,64 GB,16,0.247619048
15,4,1,147 MB,56 GB,16,64 GB,16,0.240740741
15,4,1,147 MB,56 GB,16,64 GB,16,0.234234234
15,4,1,147 MB,56 GB,16,64 GB,16,0.228070175
15,4,1,147 MB,56 GB,16,64 GB,16,0.247863248
15,4,1,147 MB,56 GB,16,64 GB,16,0.241666667
15,4,1,147 MB,56 GB,16,64 GB,16,0.235772358
15,4,1,147 MB,56 GB,16,64 GB,16,0.23015873
15,4,1,147 MB,56 GB,16,64 GB,16,0.224806202
20,4,1,147 MB,56 GB,16,64 GB,16,0.21969697
20,4,1,147 MB,56 GB,16,64 GB,16,0.244444444
20,4,1,147 MB,56 GB,16,64 GB,16,0.239130435
20,4,1,147 MB,56 GB,16,64 GB,16,0.234042553
20,4,1,147 MB,56 GB,16,64 GB,16,0.229166667
20,4,1,147 MB,56 GB,16,64 GB,16,0.224489796
20,4,1,147 MB,56 GB,16,64 GB,16,0.246666667
20,4,1,147 MB,56 GB,16,64 GB,16,0.241830065
20,4,1,147 MB,56 GB,16,64 GB,16,0.237179487
20,4,1,147 MB,56 GB,16,64 GB,16,0.232704403
20,4,1,147 MB,56 GB,16,64 GB,16,0.228395062
20,4,1,147 MB,56 GB,16,64 GB,16,0.248484848
20,4,1,147 MB,56 GB,16,64 GB,16,0.244047619
20,4,1,147 MB,56 GB,16,64 GB,16,0.239766082
20,4,1,147 MB,56 GB,16,64 GB,16,0.235632184
20,4,1,147 MB,56 GB,16,64 GB,16,0.231638418
20,4,1,147 MB,56 GB,16,64 GB,16,0.227777778
20,4,1,147 MB,56 GB,16,64 GB,16,0.245901639
5,4,1,147 MB,56 GB,16,64 GB,16,0.241935484
5,4,1,147 MB,56 GB,16,64 GB,16,0.243386243
5,4,1,147 MB,56 GB,16,64 GB,16,0.023092369
5,4,1,147 MB,56 GB,16,64 GB,16,0.241025641
5,4,1,147 MB,56 GB,16,64 GB,16,0.242424242
5,4,1,147 MB,56 GB,16,64 GB,16,0.243781095
5,4,1,147 MB,56 GB,16,64 GB,16,0.240196078
5,4,1,147 MB,56 GB,16,64 GB,16,0.241545894
5,4,1,147 MB,56 GB,16,64 GB,16,0.238095238
5,4,1,147 MB,56 GB,16,64 GB,16,0.23943662
5,4,1,147 MB,56 GB,16,64 GB,16,0.240740741
5,4,1,147 MB,56 GB,16,64 GB,16,0.242009132
5,4,1,147 MB,56 GB,16,64 GB,16,0.238738739
5,4,1,147 MB,56 GB,16,64 GB,16,0.24
5,4,1,147 MB,56 GB,16,64 GB,16,0.24122807
5,4,1,147 MB,56 GB,16,64 GB,16,0.242424242
5,4,1,147 MB,56 GB,16,64 GB,16,0.239316239
5,4,1,147 MB,56 GB,16,64 GB,16,0.240506329
5,4,1,147 MB,56 GB,16,64 GB,16,0.241666667
5,4,1,147 MB,56 GB,16,64 GB,16,0.242798354
5,4,1,147 MB,56 GB,16,64 GB,16,0.239837398
5,4,1,147 MB,56 GB,16,64 GB,16,0.240963855
10,4,1,147 MB,56 GB,16,64 GB,16,0.238095238
10,4,1,147 MB,56 GB,16,64 GB,16,0.243137255
10,4,1,147 MB,56 GB,16,64 GB,16,0.240310078
10,4,1,147 MB,56 GB,16,64 GB,16,0.237547893
10,4,1,147 MB,56 GB,16,64 GB,16,0.242424242
10,4,1,147 MB,56 GB,16,64 GB,16,0.239700375
10,4,1,147 MB,56 GB,16,64 GB,16,0.237037037
10,4,1,147 MB,56 GB,16,64 GB,16,0.241758242
10,4,1,147 MB,56 GB,16,64 GB,16,0.239130435
10,4,1,147 MB,56 GB,16,64 GB,16,0.243727599
10,4,1,147 MB,56 GB,16,64 GB,16,0.241134752
10,4,1,147 MB,56 GB,16,64 GB,16,0.238596491
10,4,1,147 MB,56 GB,16,64 GB,16,0.243055556
10,4,1,147 MB,56 GB,16,64 GB,16,0.240549828
10,4,1,147 MB,56 GB,16,64 GB,16,0.238095238
10,4,1,147 MB,56 GB,16,64 GB,16,0.242424242
10,4,1,147 MB,56 GB,16,64 GB,16,0.24
10,4,1,147 MB,56 GB,16,64 GB,16,0.237623762
10,4,1,147 MB,56 GB,16,64 GB,16,0.241830065
10,4,1,147 MB,56 GB,16,64 GB,16,0.239482201
10,4,1,147 MB,56 GB,16,64 GB,16,0.237179487
5,4,1,147 MB,56 GB,16,64 GB,16,0.241269841
5,4,1,147 MB,56 GB,16,64 GB,16,0.242138365
5,4,1,147 MB,56 GB,16,64 GB,16,0.242990654
5,4,1,147 MB,56 GB,16,64 GB,16,0.240740741
5,4,1,147 MB,56 GB,16,64 GB,16,0.241590214
5,4,1,147 MB,56 GB,16,64 GB,16,0.242424242
5,4,1,147 MB,56 GB,16,64 GB,16,0.243243243
5,4,1,147 MB,56 GB,16,64 GB,16,0.241071429
5,4,1,147 MB,56 GB,16,64 GB,16,0.241887906
5,4,1,147 MB,56 GB,16,64 GB,16,0.242690058
5,4,1,147 MB,56 GB,16,64 GB,16,0.243478261
5,4,1,147 MB,56 GB,16,64 GB,16,0.24137931
5,4,1,147 MB,56 GB,16,64 GB,16,0.242165242
5,4,1,147 MB,56 GB,16,64 GB,16,0.240112994
5,4,1,147 MB,56 GB,16,64 GB,16,0.240896359
5,4,1,147 MB,56 GB,16,64 GB,16,0.241666667
5,4,1,147 MB,56 GB,16,64 GB,16,0.242424242
5,4,1,147 MB,56 GB,16,64 GB,16,0.240437158
5,4,1,147 MB,56 GB,16,64 GB,16,0.241192412
5,4,1,147 MB,56 GB,16,64 GB,16,0.241935484
5,4,1,147 MB,56 GB,16,64 GB,16,0.242666667
5,4,2,147 MB,56 GB,16,128 GB,32,0
5,4,2,147 MB,56 GB,16,128 GB,32,0.333333333
5,4,2,147 MB,56 GB,16,128 GB,32,0.5
5,4,2,147 MB,56 GB,16,128 GB,32,0.444444444
5,4,2,147 MB,56 GB,16,128 GB,32,0.5
5,4,2,147 MB,56 GB,16,128 GB,32,0.466666667
5,4,2,147 MB,56 GB,16,128 GB,32,0.488888889
5,4,2,147 MB,56 GB,16,128 GB,32,0.476190476
5,4,2,147 MB,56 GB,16,128 GB,32,0.5
5,4,2,147 MB,56 GB,16,128 GB,32,0.518518519
5,4,2,147 MB,56 GB,16,128 GB,32,0.533333333
5,4,2,147 MB,56 GB,16,128 GB,32,0.509090909
5,4,2,147 MB,56 GB,16,128 GB,32,0.5
5,4,2,147 MB,56 GB,16,128 GB,32,0.523076923
5,4,2,147 MB,56 GB,16,128 GB,32,0.523809524
5,4,2,147 MB,56 GB,16,128 GB,32,0.511111111
5,4,2,147 MB,56 GB,16,128 GB,32,0.529166667
5,4,2,147 MB,56 GB,16,128 GB,32,0.529411765
5,4,2,147 MB,56 GB,16,128 GB,32,0.555555556
5,4,2,147 MB,56 GB,16,128 GB,32,0.526315789
15,4,2,147 MB,56 GB,16,128 GB,32,0.533333333
15,4,2,147 MB,56 GB,16,128 GB,32,0.523809524
15,4,2,147 MB,56 GB,16,128 GB,32,0.53030303
15,4,2,147 MB,56 GB,16,128 GB,32,0.507246377
15,4,2,147 MB,56 GB,16,128 GB,32,0.513888889
15,4,2,147 MB,56 GB,16,128 GB,32,0.533333333
15,4,2,147 MB,56 GB,16,128 GB,32,0.512820513
15,4,2,147 MB,56 GB,16,128 GB,32,0.518518519
15,4,2,147 MB,56 GB,16,128 GB,32,0.523809524
15,4,2,147 MB,56 GB,16,128 GB,32,0.517241379
15,4,2,147 MB,56 GB,16,128 GB,32,0.533333333
15,4,2,147 MB,56 GB,16,128 GB,32,0.531182796
15,4,2,147 MB,56 GB,16,128 GB,32,0.541666667
15,4,2,147 MB,56 GB,16,128 GB,32,0.525252525
15,4,2,147 MB,56 GB,16,128 GB,32,0.529411765
15,4,2,147 MB,56 GB,16,128 GB,32,0.533333333
15,4,2,147 MB,56 GB,16,128 GB,32,0.518518519
15,4,2,147 MB,56 GB,16,128 GB,32,0.540540541
15,4,2,147 MB,56 GB,16,128 GB,32,0.543859649
15,4,2,147 MB,56 GB,16,128 GB,32,0.547008547
15,4,2,147 MB,56 GB,16,128 GB,32,0.55
15,4,2,147 MB,56 GB,16,128 GB,32,0.536585366
15,4,2,147 MB,56 GB,16,128 GB,32,0.53968254
15,4,2,147 MB,56 GB,16,128 GB,32,0.527131783
20,4,2,147 MB,56 GB,16,128 GB,32,0.53030303
20,4,2,147 MB,56 GB,16,128 GB,32,0.533333333
20,4,2,147 MB,56 GB,16,128 GB,32,0.550724638
20,4,2,147 MB,56 GB,16,128 GB,32,0.553191489
20,4,2,147 MB,56 GB,16,128 GB,32,0.555555556
20,4,2,147 MB,56 GB,16,128 GB,32,0.544217687
20,4,2,147 MB,56 GB,16,128 GB,32,0.56
20,4,2,147 MB,56 GB,16,128 GB,32,0.568627451
20,4,2,147 MB,56 GB,16,128 GB,32,0.557692308
20,4,2,147 MB,56 GB,16,128 GB,32,0.559748428
20,4,2,147 MB,56 GB,16,128 GB,32,0.549382716
20,4,2,147 MB,56 GB,16,128 GB,32,0.557575758
20,4,2,147 MB,56 GB,16,128 GB,32,0.553571429
20,4,2,147 MB,56 GB,16,128 GB,32,0.561403509
20,4,2,147 MB,56 GB,16,128 GB,32,0.563218391
20,4,2,147 MB,56 GB,16,128 GB,32,0.564971751
20,4,2,147 MB,56 GB,16,128 GB,32,0.555555556
20,4,2,147 MB,56 GB,16,128 GB,32,0.557377049
20,4,2,147 MB,56 GB,16,128 GB,32,0.559139785
20,4,2,147 MB,56 GB,16,128 GB,32,0.55026455
5,4,2,147 MB,56 GB,16,128 GB,32,0.054216867
5,4,2,147 MB,56 GB,16,128 GB,32,0.553846154
5,4,2,147 MB,56 GB,16,128 GB,32,0.565656566
5,4,2,147 MB,56 GB,16,128 GB,32,0.567164179
5,4,2,147 MB,56 GB,16,128 GB,32,0.568627451
5,4,2,147 MB,56 GB,16,128 GB,32,0.570048309
5,4,2,147 MB,56 GB,16,128 GB,32,0.571428571
5,4,2,147 MB,56 GB,16,128 GB,32,0.572769953
5,4,2,147 MB,56 GB,16,128 GB,32,0.564814815
5,4,2,147 MB,56 GB,16,128 GB,32,0.566210046
5,4,2,147 MB,56 GB,16,128 GB,32,0.567567568
5,4,2,147 MB,56 GB,16,128 GB,32,0.568888889
5,4,2,147 MB,56 GB,16,128 GB,32,0.561403509
5,4,2,147 MB,56 GB,16,128 GB,32,0.562770563
5,4,2,147 MB,56 GB,16,128 GB,32,0.564102564
5,4,2,147 MB,56 GB,16,128 GB,32,0.573839662
5,4,2,147 MB,56 GB,16,128 GB,32,0.575
5,4,2,147 MB,56 GB,16,128 GB,32,0.567901235
5,4,2,147 MB,56 GB,16,128 GB,32,0.569105691
5,4,2,147 MB,56 GB,16,128 GB,32,0.562248996
5,4,2,147 MB,56 GB,16,128 GB,32,0.563492063
10,4,2,147 MB,56 GB,16,128 GB,32,0.564705882
10,4,2,147 MB,56 GB,16,128 GB,32,0.565891473
10,4,2,147 MB,56 GB,16,128 GB,32,0.574712644
10,4,2,147 MB,56 GB,16,128 GB,32,0.568181818
10,4,2,147 MB,56 GB,16,128 GB,32,0.56928839
10,4,2,147 MB,56 GB,16,128 GB,32,0.585185185
10,4,2,147 MB,56 GB,16,128 GB,32,0.578754579
10,4,2,147 MB,56 GB,16,128 GB,32,0.572463768
10,4,2,147 MB,56 GB,16,128 GB,32,0.573476703
10,4,2,147 MB,56 GB,16,128 GB,32,0.574468085
10,4,2,147 MB,56 GB,16,128 GB,32,0.575438596
10,4,2,147 MB,56 GB,16,128 GB,32,0.576388889
10,4,2,147 MB,56 GB,16,128 GB,32,0.577319588
10,4,2,147 MB,56 GB,16,128 GB,32,0.571428571
10,4,2,147 MB,56 GB,16,128 GB,32,0.572390572
10,4,2,147 MB,56 GB,16,128 GB,32,0.566666667
10,4,2,147 MB,56 GB,16,128 GB,32,0.567656766
10,4,2,147 MB,56 GB,16,128 GB,32,0.575163399
10,4,2,147 MB,56 GB,16,128 GB,32,0.569579288
10,4,2,147 MB,56 GB,16,128 GB,32,0.576923077
10,4,2,147 MB,56 GB,16,128 GB,32,0.577777778
5,4,2,147 MB,56 GB,16,128 GB,32,0.578616352
5,4,2,147 MB,56 GB,16,128 GB,32,0.573208723
5,4,2,147 MB,56 GB,16,128 GB,32,0.574074074
5,4,2,147 MB,56 GB,16,128 GB,32,0.574923547
5,4,2,147 MB,56 GB,16,128 GB,32,0.578787879
5,4,2,147 MB,56 GB,16,128 GB,32,0.57957958
5,4,2,147 MB,56 GB,16,128 GB,32,0.580357143
5,4,2,147 MB,56 GB,16,128 GB,32,0.581120944
5,4,2,147 MB,56 GB,16,128 GB,32,0.584795322
5,4,2,147 MB,56 GB,16,128 GB,32,0.579710145
5,4,2,147 MB,56 GB,16,128 GB,32,0.58045977
5,4,2,147 MB,56 GB,16,128 GB,32,0.581196581
5,4,2,147 MB,56 GB,16,128 GB,32,0.576271186
5,4,2,147 MB,56 GB,16,128 GB,32,0.577030812
5,4,2,147 MB,56 GB,16,128 GB,32,0.577777778
5,4,2,147 MB,56 GB,16,128 GB,32,0.573002755
5,4,2,147 MB,56 GB,16,128 GB,32,0.581967213
5,4,2,147 MB,56 GB,16,128 GB,32,0.577235772
5,4,2,147 MB,56 GB,16,128 GB,32,0.577956989
5,4,2,147 MB,56 GB,16,128 GB,32,0.576
5,4,2,147 MB,56 GB,16,128 GB,32,0.571428571
5,6,2,147 MB,84 GB,24,128 GB,32,0
5,6,2,147 MB,84 GB,24,128 GB,32,0.333333333
5,6,2,147 MB,84 GB,24,128 GB,32,0.5
5,6,2,147 MB,84 GB,24,128 GB,32,0.555555556
5,6,2,147 MB,84 GB,24,128 GB,32,0.583333333
5,6,2,147 MB,84 GB,24,128 GB,32,0.533333333
5,6,2,147 MB,84 GB,24,128 GB,32,0.555555556
5,6,2,147 MB,84 GB,24,128 GB,32,0.523809524
5,6,2,147 MB,84 GB,24,128 GB,32,0.583333333
5,6,2,147 MB,84 GB,24,128 GB,32,0.555555556
5,6,2,147 MB,84 GB,24,128 GB,32,0.566666667
5,6,2,147 MB,84 GB,24,128 GB,32,0.545454545
5,6,2,147 MB,84 GB,24,128 GB,32,0.555555556
5,6,2,147 MB,84 GB,24,128 GB,32,0.564102564
5,6,2,147 MB,84 GB,24,128 GB,32,0.571428571
5,6,2,147 MB,84 GB,24,128 GB,32,0.555555556
5,6,2,147 MB,84 GB,24,128 GB,32,0.5625
5,6,2,147 MB,84 GB,24,128 GB,32,0.549019608
5,6,2,147 MB,84 GB,24,128 GB,32,0.574074074
5,6,2,147 MB,84 GB,24,128 GB,32,0.561403509
5,6,2,147 MB,84 GB,24,128 GB,32,0.566666667
15,6,2,147 MB,84 GB,24,128 GB,32,0.53968254
15,6,2,147 MB,84 GB,24,128 GB,32,0.560606061
15,6,2,147 MB,84 GB,24,128 GB,32,0.536231884
15,6,2,147 MB,84 GB,24,128 GB,32,0.555555556
15,6,2,147 MB,84 GB,24,128 GB,32,0.573333333
15,6,2,147 MB,84 GB,24,128 GB,32,0.551282051
15,6,2,147 MB,84 GB,24,128 GB,32,0.567901235
15,6,2,147 MB,84 GB,24,128 GB,32,0.583333333
15,6,2,147 MB,84 GB,24,128 GB,32,0.563218391
15,6,2,147 MB,84 GB,24,128 GB,32,0.577777778
15,6,2,147 MB,84 GB,24,128 GB,32,0.559139785
15,6,2,147 MB,84 GB,24,128 GB,32,0.572916667
15,6,2,147 MB,84 GB,24,128 GB,32,0.555555556
15,6,2,147 MB,84 GB,24,128 GB,32,0.568627451
15,6,2,147 MB,84 GB,24,128 GB,32,0.580952381
15,6,2,147 MB,84 GB,24,128 GB,32,0.564814815
15,6,2,147 MB,84 GB,24,128 GB,32,0.576576577
15,6,2,147 MB,84 GB,24,128 GB,32,0.587719298
15,6,2,147 MB,84 GB,24,128 GB,32,0.572649573
15,6,2,147 MB,84 GB,24,128 GB,32,0.583333333
15,6,2,147 MB,84 GB,24,128 GB,32,0.569105691
15,6,2,147 MB,84 GB,24,128 GB,32,0.579365079
20,6,2,147 MB,84 GB,24,128 GB,32,0.565891473
20,6,2,147 MB,84 GB,24,128 GB,32,0.583333333
20,6,2,147 MB,84 GB,24,128 GB,32,0.57037037
20,6,2,147 MB,84 GB,24,128 GB,32,0.586956522
20,6,2,147 MB,84 GB,24,128 GB,32,0.574468085
20,6,2,147 MB,84 GB,24,128 GB,32,0.590277778
20,6,2,147 MB,84 GB,24,128 GB,32,0.578231293
20,6,2,147 MB,84 GB,24,128 GB,32,0.593333333
20,6,2,147 MB,84 GB,24,128 GB,32,0.581699346
20,6,2,147 MB,84 GB,24,128 GB,32,0.570512821
20,6,2,147 MB,84 GB,24,128 GB,32,0.58490566
20,6,2,147 MB,84 GB,24,128 GB,32,0.574074074
20,6,2,147 MB,84 GB,24,128 GB,32,0.587878788
20,6,2,147 MB,84 GB,24,128 GB,32,0.577380952
20,6,2,147 MB,84 GB,24,128 GB,32,0.590643275
20,6,2,147 MB,84 GB,24,128 GB,32,0.58045977
20,6,2,147 MB,84 GB,24,128 GB,32,0.593220339
20,6,2,147 MB,84 GB,24,128 GB,32,0.583333333
20,6,2,147 MB,84 GB,24,128 GB,32,0.573770492
20,6,2,147 MB,84 GB,24,128 GB,32,0.586021505
5,6,2,147 MB,84 GB,24,128 GB,32,0.576719577
5,6,2,147 MB,84 GB,24,128 GB,32,0.057228916
5,6,2,147 MB,84 GB,24,128 GB,32,0.58974359
5,6,2,147 MB,84 GB,24,128 GB,32,0.595959596
5,6,2,147 MB,84 GB,24,128 GB,32,0.592039801
5,6,2,147 MB,84 GB,24,128 GB,32,0.593137255
5,6,2,147 MB,84 GB,24,128 GB,32,0.589371981
5,6,2,147 MB,84 GB,24,128 GB,32,0.595238095
5,6,2,147 MB,84 GB,24,128 GB,32,0.591549296
5,6,2,147 MB,84 GB,24,128 GB,32,0.592592593
5,6,2,147 MB,84 GB,24,128 GB,32,0.589041096
5,6,2,147 MB,84 GB,24,128 GB,32,0.594594595
5,6,2,147 MB,84 GB,24,128 GB,32,0.591111111
5,6,2,147 MB,84 GB,24,128 GB,32,0.592105263
5,6,2,147 MB,84 GB,24,128 GB,32,0.588744589
5,6,2,147 MB,84 GB,24,128 GB,32,0.58974359
5,6,2,147 MB,84 GB,24,128 GB,32,0.5907173
5,6,2,147 MB,84 GB,24,128 GB,32,0.591666667
5,6,2,147 MB,84 GB,24,128 GB,32,0.588477366
5,6,2,147 MB,84 GB,24,128 GB,32,0.589430894
5,6,2,147 MB,84 GB,24,128 GB,32,0.590361446
10,6,2,147 MB,84 GB,24,128 GB,32,0.587301587
10,6,2,147 MB,84 GB,24,128 GB,32,0.588235294
10,6,2,147 MB,84 GB,24,128 GB,32,0.589147287
10,6,2,147 MB,84 GB,24,128 GB,32,0.590038314
10,6,2,147 MB,84 GB,24,128 GB,32,0.590909091
10,6,2,147 MB,84 GB,24,128 GB,32,0.584269663
10,6,2,147 MB,84 GB,24,128 GB,32,0.592592593
10,6,2,147 MB,84 GB,24,128 GB,32,0.586080586
10,6,2,147 MB,84 GB,24,128 GB,32,0.586956522
10,6,2,147 MB,84 GB,24,128 GB,32,0.58781362
10,6,2,147 MB,84 GB,24,128 GB,32,0.588652482
10,6,2,147 MB,84 GB,24,128 GB,32,0.589473684
10,6,2,147 MB,84 GB,24,128 GB,32,0.590277778
10,6,2,147 MB,84 GB,24,128 GB,32,0.591065292
10,6,2,147 MB,84 GB,24,128 GB,32,0.591836735
10,6,2,147 MB,84 GB,24,128 GB,32,0.585858586
10,6,2,147 MB,84 GB,24,128 GB,32,0.593333333
10,6,2,147 MB,84 GB,24,128 GB,32,0.587458746
10,6,2,147 MB,84 GB,24,128 GB,32,0.588235294
5,6,2,147 MB,84 GB,24,128 GB,32,0.588996764
5,6,2,147 MB,84 GB,24,128 GB,32,0.592948718
5,6,2,147 MB,84 GB,24,128 GB,32,0.59047619
5,6,2,147 MB,84 GB,24,128 GB,32,0.591194969
5,6,2,147 MB,84 GB,24,128 GB,32,0.588785047
5,6,2,147 MB,84 GB,24,128 GB,32,0.592592593
5,6,2,147 MB,84 GB,24,128 GB,32,0.590214067
5,6,2,147 MB,84 GB,24,128 GB,32,0.590909091
5,6,2,147 MB,84 GB,24,128 GB,32,0.588588589
5,6,2,147 MB,84 GB,24,128 GB,32,0.592261905
5,6,2,147 MB,84 GB,24,128 GB,32,0.589970501
5,6,2,147 MB,84 GB,24,128 GB,32,0.590643275
5,6,2,147 MB,84 GB,24,128 GB,32,0.588405797
5,6,2,147 MB,84 GB,24,128 GB,32,0.591954023
5,6,2,147 MB,84 GB,24,128 GB,32,0.58974359
5,6,2,147 MB,84 GB,24,128 GB,32,0.59039548
5,6,2,147 MB,84 GB,24,128 GB,32,0.588235294
5,6,2,147 MB,84 GB,24,128 GB,32,0.591666667
5,6,2,147 MB,84 GB,24,128 GB,32,0.58953168
5,6,2,147 MB,84 GB,24,128 GB,32,0.590163934
5,6,2,147 MB,84 GB,24,128 GB,32,0.588075881
5,6,2,147 MB,84 GB,24,128 GB,32,0.588709677
5,6,2,147 MB,84 GB,24,128 GB,32,0.584
5,6,2,147 MB,84 GB,24,128 GB,32,0.579365079
5,6,2,147 MB,84 GB,24,128 GB,32,0.57480315
5,6,2,147 MB,84 GB,24,128 GB,32,0.5703125
5,6,2,147 MB,84 GB,24,128 GB,32,0.565891473
5,6,2,147 MB,84 GB,24,128 GB,32,0.561538462
5,6,2,147 MB,84 GB,24,128 GB,32,0.557251908
5,6,2,147 MB,84 GB,24,128 GB,32,0.553030303
5,6,2,147 MB,84 GB,24,128 GB,32,0.54887218
5,6,2,147 MB,84 GB,24,128 GB,32,0.544776119
5,6,2,147 MB,84 GB,24,128 GB,32,0.540740741
5,6,2,147 MB,84 GB,24,128 GB,32,0.536764706
5,6,2,147 MB,84 GB,24,128 GB,32,0.532846715
5,6,2,147 MB,84 GB,24,128 GB,32,0.528985507
5,6,2,147 MB,84 GB,24,128 GB,32,0.525179856
5,6,2,147 MB,84 GB,24,128 GB,32,0.521428571
5,6,2,147 MB,84 GB,24,128 GB,32,0.517730496
5,6,2,147 MB,84 GB,24,128 GB,32,0.514084507
5,6,2,147 MB,84 GB,24,128 GB,32,0.51048951
5,6,2,147 MB,84 GB,24,128 GB,32,0.506944444
5,1,1,1G,14 GB,4,64 GB,16,0
5,1,1,1G,14 GB,4,64 GB,16,0.333333333
5,1,1,1G,14 GB,4,64 GB,16,0.166666667
5,1,1,1G,14 GB,4,64 GB,16,0.111111111
5,1,1,1G,14 GB,4,64 GB,16,0.083333333
5,1,1,1G,14 GB,4,64 GB,16,0.066666667
5,1,1,1G,14 GB,4,64 GB,16,0.055555556
5,1,1,1G,14 GB,4,64 GB,16,0.047619048
5,1,1,1G,14 GB,4,64 GB,16,0.041666667
5,1,1,1G,14 GB,4,64 GB,16,0.037037037
5,1,1,1G,14 GB,4,64 GB,16,0.033333333
5,1,1,1G,14 GB,4,64 GB,16,0.03030303
5,1,1,1G,14 GB,4,64 GB,16,0.027777778
5,1,1,1G,14 GB,4,64 GB,16,0.025641026
5,1,1,1G,14 GB,4,64 GB,16,0.023809524
5,1,1,1G,14 GB,4,64 GB,16,0.022222222
5,1,1,1G,14 GB,4,64 GB,16,0.020833333
5,1,1,1G,14 GB,4,64 GB,16,0.019607843
5,1,1,1G,14 GB,4,64 GB,16,0.018518519
5,1,1,1G,14 GB,4,64 GB,16,0.01754386
5,1,1,1G,14 GB,4,64 GB,16,0.016666667
5,1,1,1G,14 GB,4,64 GB,16,0.015873016
5,1,1,1G,14 GB,4,64 GB,16,0.015151515
5,1,1,1G,14 GB,4,64 GB,16,0.014492754
5,1,1,1G,14 GB,4,64 GB,16,0.013888889
5,1,1,1G,14 GB,4,64 GB,16,0.013333333
5,1,1,1G,14 GB,4,64 GB,16,0.012820513
5,1,1,1G,14 GB,4,64 GB,16,0.012345679
5,1,1,1G,14 GB,4,64 GB,16,0.011904762
5,1,1,1G,14 GB,4,64 GB,16,0.011494253
5,1,1,1G,14 GB,4,64 GB,16,0.011111111
5,1,1,1G,14 GB,4,64 GB,16,0.010752688
5,1,1,1G,14 GB,4,64 GB,16,0.010416667
5,1,1,1G,14 GB,4,64 GB,16,0.01010101
5,1,1,1G,14 GB,4,64 GB,16,0.009803922
5,1,1,1G,14 GB,4,64 GB,16,0.00952381
5,1,1,1G,14 GB,4,64 GB,16,0.009259259
5,1,1,1G,14 GB,4,64 GB,16,0.009009009
5,1,1,1G,14 GB,4,64 GB,16,0.00877193
5,1,1,1G,14 GB,4,64 GB,16,0.008547009
5,1,1,1G,14 GB,4,64 GB,16,0.008333333
5,1,1,1G,14 GB,4,64 GB,16,0.008130081
5,1,1,1G,14 GB,4,64 GB,16,0.007936508
5,1,1,1G,14 GB,4,64 GB,16,0.007751938
5,1,1,1G,14 GB,4,64 GB,16,0.007575758
5,1,1,1G,14 GB,4,64 GB,16,0.007407407
5,1,1,1G,14 GB,4,64 GB,16,0.007246377
5,1,1,1G,14 GB,4,64 GB,16,0.007092199
5,1,1,1G,14 GB,4,64 GB,16,0.006944444
5,1,1,1G,14 GB,4,64 GB,16,0.006802721
5,1,1,1G,14 GB,4,64 GB,16,0.006666667
5,1,1,1G,14 GB,4,64 GB,16,0.006535948
5,1,1,1G,14 GB,4,64 GB,16,0.006410256
5,1,1,1G,14 GB,4,64 GB,16,0.006289308
5,1,1,1G,14 GB,4,64 GB,16,0.00617284
5,1,1,1G,14 GB,4,64 GB,16,0.006060606
5,1,1,1G,14 GB,4,64 GB,16,0.005952381
5,1,1,1G,14 GB,4,64 GB,16,0.005847953
5,1,1,1G,14 GB,4,64 GB,16,0.005747126
5,1,1,1G,14 GB,4,64 GB,16,0.005649718
5,1,1,1G,14 GB,4,64 GB,16,0.005555556
5,1,1,1G,14 GB,4,64 GB,16,0.005464481
5,1,1,1G,14 GB,4,64 GB,16,0.005376344
5,1,1,1G,14 GB,4,64 GB,16,0.005291005
15,1,1,1G,14 GB,4,64 GB,16,0.000502008
15,1,1,1G,14 GB,4,64 GB,16,0.020512821
15,1,1,1G,14 GB,4,64 GB,16,0.02020202
15,1,1,1G,14 GB,4,64 GB,16,0.019900498
15,1,1,1G,14 GB,4,64 GB,16,0.019607843
15,1,1,1G,14 GB,4,64 GB,16,0.019323671
15,1,1,1G,14 GB,4,64 GB,16,0.019047619
15,1,1,1G,14 GB,4,64 GB,16,0.018779343
15,1,1,1G,14 GB,4,64 GB,16,0.018518519
15,1,1,1G,14 GB,4,64 GB,16,0.01826484
15,1,1,1G,14 GB,4,64 GB,16,0.018018018
15,1,1,1G,14 GB,4,64 GB,16,0.017777778
15,1,1,1G,14 GB,4,64 GB,16,0.01754386
15,1,1,1G,14 GB,4,64 GB,16,0.017316017
15,1,1,1G,14 GB,4,64 GB,16,0.017094017
15,1,1,1G,14 GB,4,64 GB,16,0.016877637
15,1,1,1G,14 GB,4,64 GB,16,0.016666667
15,1,1,1G,14 GB,4,64 GB,16,0.016460905
15,1,1,1G,14 GB,4,64 GB,16,0.016260163
15,1,1,1G,14 GB,4,64 GB,16,0.016064257
15,1,1,1G,14 GB,4,64 GB,16,0.015873016
15,1,1,1G,14 GB,4,64 GB,16,0.015686275
15,1,1,1G,14 GB,4,64 GB,16,0.015503876
15,1,1,1G,14 GB,4,64 GB,16,0.01532567
15,1,1,1G,14 GB,4,64 GB,16,0.015151515
15,1,1,1G,14 GB,4,64 GB,16,0.014981273
15,1,1,1G,14 GB,4,64 GB,16,0.014814815
15,1,1,1G,14 GB,4,64 GB,16,0.014652015
15,1,1,1G,14 GB,4,64 GB,16,0.014492754
15,1,1,1G,14 GB,4,64 GB,16,0.014336918
15,1,1,1G,14 GB,4,64 GB,16,0.014184397
15,1,1,1G,14 GB,4,64 GB,16,0.014035088
15,1,1,1G,14 GB,4,64 GB,16,0.013888889
15,1,1,1G,14 GB,4,64 GB,16,0.013745704
15,1,1,1G,14 GB,4,64 GB,16,0.013605442
15,1,1,1G,14 GB,4,64 GB,16,0.013468013
15,1,1,1G,14 GB,4,64 GB,16,0.013333333
15,1,1,1G,14 GB,4,64 GB,16,0.01320132
15,1,1,1G,14 GB,4,64 GB,16,0.013071895
15,1,1,1G,14 GB,4,64 GB,16,0.012944984
15,1,1,1G,14 GB,4,64 GB,16,0.012820513
15,1,1,1G,14 GB,4,64 GB,16,0.012698413
15,1,1,1G,14 GB,4,64 GB,16,0.012578616
15,1,1,1G,14 GB,4,64 GB,16,0.012461059
15,1,1,1G,14 GB,4,64 GB,16,0.012345679
15,1,1,1G,14 GB,4,64 GB,16,0.012232416
15,1,1,1G,14 GB,4,64 GB,16,0.012121212
15,1,1,1G,14 GB,4,64 GB,16,0.012012012
15,1,1,1G,14 GB,4,64 GB,16,0.011904762
15,1,1,1G,14 GB,4,64 GB,16,0.01179941
15,1,1,1G,14 GB,4,64 GB,16,0.011695906
15,1,1,1G,14 GB,4,64 GB,16,0.011594203
15,1,1,1G,14 GB,4,64 GB,16,0.011494253
15,1,1,1G,14 GB,4,64 GB,16,0.011396011
15,1,1,1G,14 GB,4,64 GB,16,0.011299435
15,1,1,1G,14 GB,4,64 GB,16,0.011204482
15,1,1,1G,14 GB,4,64 GB,16,0.011111111
5,2,1,1G,28 GB,8,64 GB,16,0
5,2,1,1G,28 GB,8,64 GB,16,0.333333333
5,2,1,1G,28 GB,8,64 GB,16,0.166666667
5,2,1,1G,28 GB,8,64 GB,16,0.111111111
5,2,1,1G,28 GB,8,64 GB,16,0.083333333
5,2,1,1G,28 GB,8,64 GB,16,0.066666667
5,2,1,1G,28 GB,8,64 GB,16,0.055555556
5,2,1,1G,28 GB,8,64 GB,16,0.047619048
5,2,1,1G,28 GB,8,64 GB,16,0.041666667
5,2,1,1G,28 GB,8,64 GB,16,0.037037037
5,2,1,1G,28 GB,8,64 GB,16,0.033333333
5,2,1,1G,28 GB,8,64 GB,16,0.03030303
5,2,1,1G,28 GB,8,64 GB,16,0.027777778
5,2,1,1G,28 GB,8,64 GB,16,0.051282051
5,2,1,1G,28 GB,8,64 GB,16,0.047619048
5,2,1,1G,28 GB,8,64 GB,16,0.044444444
5,2,1,1G,28 GB,8,64 GB,16,0.041666667
5,2,1,1G,28 GB,8,64 GB,16,0.039215686
5,2,1,1G,28 GB,8,64 GB,16,0.037037037
5,2,1,1G,28 GB,8,64 GB,16,0.035087719
5,2,1,1G,28 GB,8,64 GB,16,0.033333333
5,2,1,1G,28 GB,8,64 GB,16,0.031746032
5,2,1,1G,28 GB,8,64 GB,16,0.03030303
5,2,1,1G,28 GB,8,64 GB,16,0.028985507
5,2,1,1G,28 GB,8,64 GB,16,0.027777778
5,2,1,1G,28 GB,8,64 GB,16,0.026666667
5,2,1,1G,28 GB,8,64 GB,16,0.025641026
5,2,1,1G,28 GB,8,64 GB,16,0.024691358
5,2,1,1G,28 GB,8,64 GB,16,0.023809524
5,2,1,1G,28 GB,8,64 GB,16,0.022988506
5,2,1,1G,28 GB,8,64 GB,16,0.022222222
5,2,1,1G,28 GB,8,64 GB,16,0.021505376
5,2,1,1G,28 GB,8,64 GB,16,0.020833333
5,2,1,1G,28 GB,8,64 GB,16,0.02020202
5,2,1,1G,28 GB,8,64 GB,16,0.019607843
5,2,1,1G,28 GB,8,64 GB,16,0.019047619
5,2,1,1G,28 GB,8,64 GB,16,0.018518519
5,2,1,1G,28 GB,8,64 GB,16,0.018018018
5,2,1,1G,28 GB,8,64 GB,16,0.01754386
5,2,1,1G,28 GB,8,64 GB,16,0.017094017
5,2,1,1G,28 GB,8,64 GB,16,0.016666667
5,2,1,1G,28 GB,8,64 GB,16,0.016260163
5,2,1,1G,28 GB,8,64 GB,16,0.015873016
5,2,1,1G,28 GB,8,64 GB,16,0.015503876
5,2,1,1G,28 GB,8,64 GB,16,0.015151515
5,2,1,1G,28 GB,8,64 GB,16,0.014814815
15,2,1,1G,28 GB,8,64 GB,16,0.014492754
15,2,1,1G,28 GB,8,64 GB,16,0.035460993
15,2,1,1G,28 GB,8,64 GB,16,0.034722222
15,2,1,1G,28 GB,8,64 GB,16,0.034013605
15,2,1,1G,28 GB,8,64 GB,16,0.033333333
15,2,1,1G,28 GB,8,64 GB,16,0.032679739
15,2,1,1G,28 GB,8,64 GB,16,0.032051282
15,2,1,1G,28 GB,8,64 GB,16,0.031446541
15,2,1,1G,28 GB,8,64 GB,16,0.030864198
15,2,1,1G,28 GB,8,64 GB,16,0.03030303
15,2,1,1G,28 GB,8,64 GB,16,0.029761905
15,2,1,1G,28 GB,8,64 GB,16,0.029239766
15,2,1,1G,28 GB,8,64 GB,16,0.028735632
15,2,1,1G,28 GB,8,64 GB,16,0.028248588
15,2,1,1G,28 GB,8,64 GB,16,0.027777778
15,2,1,1G,28 GB,8,64 GB,16,0.027322404
15,2,1,1G,28 GB,8,64 GB,16,0.02688172
15,2,1,1G,28 GB,8,64 GB,16,0.026455026
15,2,1,1G,28 GB,8,64 GB,16,0.00251004
15,2,1,1G,28 GB,8,64 GB,16,0.025641026
15,2,1,1G,28 GB,8,64 GB,16,0.025252525
15,2,1,1G,28 GB,8,64 GB,16,0.024875622
15,2,1,1G,28 GB,8,64 GB,16,0.024509804
15,2,1,1G,28 GB,8,64 GB,16,0.024154589
15,2,1,1G,28 GB,8,64 GB,16,0.023809524
15,2,1,1G,28 GB,8,64 GB,16,0.023474178
15,2,1,1G,28 GB,8,64 GB,16,0.023148148
15,2,1,1G,28 GB,8,64 GB,16,0.02283105
15,2,1,1G,28 GB,8,64 GB,16,0.022522523
15,2,1,1G,28 GB,8,64 GB,16,0.022222222
15,2,1,1G,28 GB,8,64 GB,16,0.021929825
15,2,1,1G,28 GB,8,64 GB,16,0.021645022
15,2,1,1G,28 GB,8,64 GB,16,0.021367521
15,2,1,1G,28 GB,8,64 GB,16,0.021097046
15,2,1,1G,28 GB,8,64 GB,16,0.020833333
15,2,1,1G,28 GB,8,64 GB,16,0.020576132
15,2,1,1G,28 GB,8,64 GB,16,0.020325203
15,2,1,1G,28 GB,8,64 GB,16,0.020080321
15,2,1,1G,28 GB,8,64 GB,16,0.01984127
15,2,1,1G,28 GB,8,64 GB,16,0.019607843
15,2,1,1G,28 GB,8,64 GB,16,0.019379845
15,2,1,1G,28 GB,8,64 GB,16,0.019157088
15,2,1,1G,28 GB,8,64 GB,16,0.018939394
15,2,1,1G,28 GB,8,64 GB,16,0.018726592
20,2,1,1G,28 GB,8,64 GB,16,0.018518519
20,2,1,1G,28 GB,8,64 GB,16,0.032967033
20,2,1,1G,28 GB,8,64 GB,16,0.032608696
20,2,1,1G,28 GB,8,64 GB,16,0.032258065
20,2,1,1G,28 GB,8,64 GB,16,0.031914894
20,2,1,1G,28 GB,8,64 GB,16,0.031578947
20,2,1,1G,28 GB,8,64 GB,16,0.03125
20,2,1,1G,28 GB,8,64 GB,16,0.030927835
20,2,1,1G,28 GB,8,64 GB,16,0.030612245
20,2,1,1G,28 GB,8,64 GB,16,0.03030303
20,2,1,1G,28 GB,8,64 GB,16,0.03
20,2,1,1G,28 GB,8,64 GB,16,0.02970297
5,2,1,1G,28 GB,8,64 GB,16,0.029411765
5,2,1,1G,28 GB,8,64 GB,16,0.03236246
5,2,1,1G,28 GB,8,64 GB,16,0.032051282
5,2,1,1G,28 GB,8,64 GB,16,0.031746032
5,2,1,1G,28 GB,8,64 GB,16,0.031446541
5,2,1,1G,28 GB,8,64 GB,16,0.031152648
5,2,1,1G,28 GB,8,64 GB,16,0.030864198
5,2,1,1G,28 GB,8,64 GB,16,0.03058104
5,2,1,1G,28 GB,8,64 GB,16,0.03030303
5,2,1,1G,28 GB,8,64 GB,16,0.03003003
5,2,1,1G,28 GB,8,64 GB,16,0.029761905
5,2,1,1G,28 GB,8,64 GB,16,0.029498525
5,2,1,1G,28 GB,8,64 GB,16,0.029239766
5,2,1,1G,28 GB,8,64 GB,16,0.031884058
5,2,1,1G,28 GB,8,64 GB,16,0.031609195
5,2,1,1G,28 GB,8,64 GB,16,0.031339031
5,2,1,1G,28 GB,8,64 GB,16,0.031073446
5,2,1,1G,28 GB,8,64 GB,16,0.030812325
5,2,1,1G,28 GB,8,64 GB,16,0.030555556
5,3,1,1G,42 GB,12,64 GB,16,0
5,3,1,1G,42 GB,12,64 GB,16,0.333333333
5,3,1,1G,42 GB,12,64 GB,16,0.166666667
5,3,1,1G,42 GB,12,64 GB,16,0.111111111
5,3,1,1G,42 GB,12,64 GB,16,0.083333333
5,3,1,1G,42 GB,12,64 GB,16,0.066666667
5,3,1,1G,42 GB,12,64 GB,16,0.055555556
5,3,1,1G,42 GB,12,64 GB,16,0.047619048
5,3,1,1G,42 GB,12,64 GB,16,0.041666667
5,3,1,1G,42 GB,12,64 GB,16,0.037037037
5,3,1,1G,42 GB,12,64 GB,16,0.033333333
5,3,1,1G,42 GB,12,64 GB,16,0.060606061
5,3,1,1G,42 GB,12,64 GB,16,0.055555556
5,3,1,1G,42 GB,12,64 GB,16,0.051282051
5,3,1,1G,42 GB,12,64 GB,16,0.047619048
5,3,1,1G,42 GB,12,64 GB,16,0.044444444
5,3,1,1G,42 GB,12,64 GB,16,0.041666667
5,3,1,1G,42 GB,12,64 GB,16,0.039215686
5,3,1,1G,42 GB,12,64 GB,16,0.037037037
5,3,1,1G,42 GB,12,64 GB,16,0.052631579
5,3,1,1G,42 GB,12,64 GB,16,0.05
5,3,1,1G,42 GB,12,64 GB,16,0.047619048
5,3,1,1G,42 GB,12,64 GB,16,0.045454545
5,3,1,1G,42 GB,12,64 GB,16,0.043478261
5,3,1,1G,42 GB,12,64 GB,16,0.041666667
5,3,1,1G,42 GB,12,64 GB,16,0.04
5,3,1,1G,42 GB,12,64 GB,16,0.038461538
5,3,1,1G,42 GB,12,64 GB,16,0.037037037
5,3,1,1G,42 GB,12,64 GB,16,0.035714286
5,3,1,1G,42 GB,12,64 GB,16,0.034482759
5,3,1,1G,42 GB,12,64 GB,16,0.033333333
5,3,1,1G,42 GB,12,64 GB,16,0.032258065
5,3,1,1G,42 GB,12,64 GB,16,0.03125
5,3,1,1G,42 GB,12,64 GB,16,0.03030303
5,3,1,1G,42 GB,12,64 GB,16,0.029411765
5,3,1,1G,42 GB,12,64 GB,16,0.028571429
5,3,1,1G,42 GB,12,64 GB,16,0.027777778
5,3,1,1G,42 GB,12,64 GB,16,0.027027027
5,3,1,1G,42 GB,12,64 GB,16,0.026315789
5,3,1,1G,42 GB,12,64 GB,16,0.025641026
5,3,1,1G,42 GB,12,64 GB,16,0.025
5,3,1,1G,42 GB,12,64 GB,16,0.024390244
5,3,1,1G,42 GB,12,64 GB,16,0.023809524
5,3,1,1G,42 GB,12,64 GB,16,0.023255814
5,3,1,1G,42 GB,12,64 GB,16,0.022727273
15,3,1,1G,42 GB,12,64 GB,16,0.022222222
15,3,1,1G,42 GB,12,64 GB,16,0.043478261
15,3,1,1G,42 GB,12,64 GB,16,0.042553191
15,3,1,1G,42 GB,12,64 GB,16,0.041666667
15,3,1,1G,42 GB,12,64 GB,16,0.040816327
15,3,1,1G,42 GB,12,64 GB,16,0.04
15,3,1,1G,42 GB,12,64 GB,16,0.039215686
15,3,1,1G,42 GB,12,64 GB,16,0.038461538
15,3,1,1G,42 GB,12,64 GB,16,0.037735849
15,3,1,1G,42 GB,12,64 GB,16,0.037037037
15,3,1,1G,42 GB,12,64 GB,16,0.036363636
15,3,1,1G,42 GB,12,64 GB,16,0.035714286
15,3,1,1G,42 GB,12,64 GB,16,0.035087719
15,3,1,1G,42 GB,12,64 GB,16,0.034482759
15,3,1,1G,42 GB,12,64 GB,16,0.033898305
15,3,1,1G,42 GB,12,64 GB,16,0.033333333
15,3,1,1G,42 GB,12,64 GB,16,0.032786885
15,3,1,1G,42 GB,12,64 GB,16,0.032258065
15,3,1,1G,42 GB,12,64 GB,16,0.031746032
15,3,1,1G,42 GB,12,64 GB,16,0.003012048
15,3,1,1G,42 GB,12,64 GB,16,0.030769231
15,3,1,1G,42 GB,12,64 GB,16,0.03030303
15,3,1,1G,42 GB,12,64 GB,16,0.029850746
15,3,1,1G,42 GB,12,64 GB,16,0.029411765
15,3,1,1G,42 GB,12,64 GB,16,0.028985507
15,3,1,1G,42 GB,12,64 GB,16,0.028571429
15,3,1,1G,42 GB,12,64 GB,16,0.028169014
15,3,1,1G,42 GB,12,64 GB,16,0.027777778
15,3,1,1G,42 GB,12,64 GB,16,0.02739726
15,3,1,1G,42 GB,12,64 GB,16,0.027027027
15,3,1,1G,42 GB,12,64 GB,16,0.026666667
15,3,1,1G,42 GB,12,64 GB,16,0.026315789
15,3,1,1G,42 GB,12,64 GB,16,0.025974026
15,3,1,1G,42 GB,12,64 GB,16,0.025641026
15,3,1,1G,42 GB,12,64 GB,16,0.025316456
15,3,1,1G,42 GB,12,64 GB,16,0.025
15,3,1,1G,42 GB,12,64 GB,16,0.024691358
20,3,1,1G,42 GB,12,64 GB,16,0.024390244
20,3,1,1G,42 GB,12,64 GB,16,0.040160643
20,3,1,1G,42 GB,12,64 GB,16,0.03968254
20,3,1,1G,42 GB,12,64 GB,16,0.039215686
20,3,1,1G,42 GB,12,64 GB,16,0.03875969
20,3,1,1G,42 GB,12,64 GB,16,0.038314176
20,3,1,1G,42 GB,12,64 GB,16,0.037878788
20,3,1,1G,42 GB,12,64 GB,16,0.037453184
20,3,1,1G,42 GB,12,64 GB,16,0.037037037
5,3,1,1G,42 GB,12,64 GB,16,0.036630037
5,3,1,1G,42 GB,12,64 GB,16,0.039855072
5,3,1,1G,42 GB,12,64 GB,16,0.039426523
5,3,1,1G,42 GB,12,64 GB,16,0.039007092
5,3,1,1G,42 GB,12,64 GB,16,0.038596491
5,3,1,1G,42 GB,12,64 GB,16,0.038194444
5,3,1,1G,42 GB,12,64 GB,16,0.037800687
5,3,1,1G,42 GB,12,64 GB,16,0.037414966
5,3,1,1G,42 GB,12,64 GB,16,0.037037037
5,3,1,1G,42 GB,12,64 GB,16,0.036666667
5,3,1,1G,42 GB,12,64 GB,16,0.03960396
5,3,1,1G,42 GB,12,64 GB,16,0.039215686
5,3,1,1G,42 GB,12,64 GB,16,0.038834951
5,3,1,1G,42 GB,12,64 GB,16,0.038461538
5,3,1,1G,42 GB,12,64 GB,16,0.038095238
5,3,1,1G,42 GB,12,64 GB,16,0.037735849
5,3,1,1G,42 GB,12,64 GB,16,0.037383178
5,3,1,1G,42 GB,12,64 GB,16,0.037037037
5,3,1,1G,42 GB,12,64 GB,16,0.036697248
5,3,1,1G,42 GB,12,64 GB,16,0.039393939
5,3,1,1G,42 GB,12,64 GB,16,0.039039039
5,3,1,1G,42 GB,12,64 GB,16,0.038690476
5,3,1,1G,42 GB,12,64 GB,16,0.038348083
5,3,1,1G,42 GB,12,64 GB,16,0.038011696
5,3,1,1G,42 GB,12,64 GB,16,0.037681159
5,3,1,1G,42 GB,12,64 GB,16,0.037356322
5,3,1,1G,42 GB,12,64 GB,16,0.037037037
5,3,1,1G,42 GB,12,64 GB,16,0.036723164
5,3,1,1G,42 GB,12,64 GB,16,0.036414566
5,3,1,1G,42 GB,12,64 GB,16,0.036111111
5,4,1,1G,56 GB,16,64 GB,16,0
5,4,1,1G,56 GB,16,64 GB,16,0.333333333
5,4,1,1G,56 GB,16,64 GB,16,0.166666667
5,4,1,1G,56 GB,16,64 GB,16,0.111111111
5,4,1,1G,56 GB,16,64 GB,16,0.083333333
5,4,1,1G,56 GB,16,64 GB,16,0.066666667
5,4,1,1G,56 GB,16,64 GB,16,0.055555556
5,4,1,1G,56 GB,16,64 GB,16,0.047619048
5,4,1,1G,56 GB,16,64 GB,16,0.041666667
5,4,1,1G,56 GB,16,64 GB,16,0.074074074
5,4,1,1G,56 GB,16,64 GB,16,0.066666667
5,4,1,1G,56 GB,16,64 GB,16,0.060606061
5,4,1,1G,56 GB,16,64 GB,16,0.055555556
5,4,1,1G,56 GB,16,64 GB,16,0.051282051
5,4,1,1G,56 GB,16,64 GB,16,0.047619048
5,4,1,1G,56 GB,16,64 GB,16,0.044444444
5,4,1,1G,56 GB,16,64 GB,16,0.041666667
5,4,1,1G,56 GB,16,64 GB,16,0.058823529
5,4,1,1G,56 GB,16,64 GB,16,0.055555556
5,4,1,1G,56 GB,16,64 GB,16,0.052631579
5,4,1,1G,56 GB,16,64 GB,16,0.05
5,4,1,1G,56 GB,16,64 GB,16,0.047619048
5,4,1,1G,56 GB,16,64 GB,16,0.045454545
5,4,1,1G,56 GB,16,64 GB,16,0.043478261
5,4,1,1G,56 GB,16,64 GB,16,0.041666667
5,4,1,1G,56 GB,16,64 GB,16,0.04
5,4,1,1G,56 GB,16,64 GB,16,0.038461538
5,4,1,1G,56 GB,16,64 GB,16,0.037037037
5,4,1,1G,56 GB,16,64 GB,16,0.035714286
5,4,1,1G,56 GB,16,64 GB,16,0.034482759
5,4,1,1G,56 GB,16,64 GB,16,0.033333333
5,4,1,1G,56 GB,16,64 GB,16,0.032258065
5,4,1,1G,56 GB,16,64 GB,16,0.03125
5,4,1,1G,56 GB,16,64 GB,16,0.03030303
5,4,1,1G,56 GB,16,64 GB,16,0.029411765
5,4,1,1G,56 GB,16,64 GB,16,0.028571429
5,4,1,1G,56 GB,16,64 GB,16,0.027777778
5,4,1,1G,56 GB,16,64 GB,16,0.027027027
5,4,1,1G,56 GB,16,64 GB,16,0.026315789
5,4,1,1G,56 GB,16,64 GB,16,0.025641026
5,4,1,1G,56 GB,16,64 GB,16,0.025
5,4,1,1G,56 GB,16,64 GB,16,0.024390244
15,4,1,1G,56 GB,16,64 GB,16,0.023809524
15,4,1,1G,56 GB,16,64 GB,16,0.046511628
15,4,1,1G,56 GB,16,64 GB,16,0.045454545
15,4,1,1G,56 GB,16,64 GB,16,0.044444444
15,4,1,1G,56 GB,16,64 GB,16,0.043478261
15,4,1,1G,56 GB,16,64 GB,16,0.042553191
15,4,1,1G,56 GB,16,64 GB,16,0.041666667
15,4,1,1G,56 GB,16,64 GB,16,0.040816327
15,4,1,1G,56 GB,16,64 GB,16,0.04
15,4,1,1G,56 GB,16,64 GB,16,0.039215686
15,4,1,1G,56 GB,16,64 GB,16,0.038461538
15,4,1,1G,56 GB,16,64 GB,16,0.037735849
15,4,1,1G,56 GB,16,64 GB,16,0.037037037
15,4,1,1G,56 GB,16,64 GB,16,0.036363636
15,4,1,1G,56 GB,16,64 GB,16,0.035714286
15,4,1,1G,56 GB,16,64 GB,16,0.035087719
15,4,1,1G,56 GB,16,64 GB,16,0.034482759
15,4,1,1G,56 GB,16,64 GB,16,0.033898305
15,4,1,1G,56 GB,16,64 GB,16,0.033333333
15,4,1,1G,56 GB,16,64 GB,16,0.032786885
15,4,1,1G,56 GB,16,64 GB,16,0.032258065
15,4,1,1G,56 GB,16,64 GB,16,0.031746032
15,4,1,1G,56 GB,16,64 GB,16,0.003012048
15,4,1,1G,56 GB,16,64 GB,16,0.030769231
15,4,1,1G,56 GB,16,64 GB,16,0.03030303
15,4,1,1G,56 GB,16,64 GB,16,0.029850746
15,4,1,1G,56 GB,16,64 GB,16,0.029411765
15,4,1,1G,56 GB,16,64 GB,16,0.028985507
15,4,1,1G,56 GB,16,64 GB,16,0.028571429
15,4,1,1G,56 GB,16,64 GB,16,0.028169014
15,4,1,1G,56 GB,16,64 GB,16,0.027777778
15,4,1,1G,56 GB,16,64 GB,16,0.02739726
15,4,1,1G,56 GB,16,64 GB,16,0.027027027
20,4,1,1G,56 GB,16,64 GB,16,0.026666667
20,4,1,1G,56 GB,16,64 GB,16,0.043859649
20,4,1,1G,56 GB,16,64 GB,16,0.043290043
20,4,1,1G,56 GB,16,64 GB,16,0.042735043
20,4,1,1G,56 GB,16,64 GB,16,0.042194093
20,4,1,1G,56 GB,16,64 GB,16,0.041666667
20,4,1,1G,56 GB,16,64 GB,16,0.041152263
20,4,1,1G,56 GB,16,64 GB,16,0.040650407
20,4,1,1G,56 GB,16,64 GB,16,0.040160643
5,4,1,1G,56 GB,16,64 GB,16,0.03968254
5,4,1,1G,56 GB,16,64 GB,16,0.043137255
5,4,1,1G,56 GB,16,64 GB,16,0.042635659
5,4,1,1G,56 GB,16,64 GB,16,0.042145594
5,4,1,1G,56 GB,16,64 GB,16,0.041666667
5,4,1,1G,56 GB,16,64 GB,16,0.041198502
5,4,1,1G,56 GB,16,64 GB,16,0.040740741
5,4,1,1G,56 GB,16,64 GB,16,0.04029304
5,4,1,1G,56 GB,16,64 GB,16,0.039855072
5,4,1,1G,56 GB,16,64 GB,16,0.043010753
5,4,1,1G,56 GB,16,64 GB,16,0.042553191
5,4,1,1G,56 GB,16,64 GB,16,0.042105263
5,4,1,1G,56 GB,16,64 GB,16,0.041666667
5,4,1,1G,56 GB,16,64 GB,16,0.041237113
5,4,1,1G,56 GB,16,64 GB,16,0.040816327
5,4,1,1G,56 GB,16,64 GB,16,0.04040404
5,4,1,1G,56 GB,16,64 GB,16,0.04
5,4,1,1G,56 GB,16,64 GB,16,0.04290429
5,4,1,1G,56 GB,16,64 GB,16,0.04248366
5,4,1,1G,56 GB,16,64 GB,16,0.042071197
5,4,1,1G,56 GB,16,64 GB,16,0.041666667
5,4,1,1G,56 GB,16,64 GB,16,0.041269841
5,4,1,1G,56 GB,16,64 GB,16,0.040880503
5,4,1,1G,56 GB,16,64 GB,16,0.040498442
5,4,1,1G,56 GB,16,64 GB,16,0.040123457
5,4,1,1G,56 GB,16,64 GB,16,0.039755352
5,4,1,1G,56 GB,16,64 GB,16,0.039393939
5,4,1,1G,56 GB,16,64 GB,16,0.039039039
5,4,1,1G,56 GB,16,64 GB,16,0.038690476
5,4,1,1G,56 GB,16,64 GB,16,0.038348083
5,4,1,1G,56 GB,16,64 GB,16,0.038011696
5,4,1,1G,56 GB,16,64 GB,16,0.037681159
5,4,1,1G,56 GB,16,64 GB,16,0.037356322
10,4,1,1G,56 GB,16,64 GB,16,0.037037037
10,4,1,1G,56 GB,16,64 GB,16,0.042372881
10,4,1,1G,56 GB,16,64 GB,16,0.042016807
10,4,1,1G,56 GB,16,64 GB,16,0.041666667
10,4,1,1G,56 GB,16,64 GB,16,0.041322314
10,4,1,1G,56 GB,16,64 GB,16,0.040983607
10,4,1,1G,56 GB,16,64 GB,16,0.040650407
10,4,1,1G,56 GB,16,64 GB,16,0.040322581
10,4,1,1G,56 GB,16,64 GB,16,0.04
10,4,1,1G,56 GB,16,64 GB,16,0.03968254
10,4,1,1G,56 GB,16,64 GB,16,0.039370079
10,4,1,1G,56 GB,16,64 GB,16,0.0390625
10,4,1,1G,56 GB,16,64 GB,16,0.03875969
10,4,1,1G,56 GB,16,64 GB,16,0.038461538
10,4,1,1G,56 GB,16,64 GB,16,0.038167939
10,4,1,1G,56 GB,16,64 GB,16,0.037878788
10,4,1,1G,56 GB,16,64 GB,16,0.037593985
10,4,1,1G,56 GB,16,64 GB,16,0.037313433
10,4,1,1G,56 GB,16,64 GB,16,0.041975309
10,4,1,1G,56 GB,16,64 GB,16,0.041666667
10,4,1,1G,56 GB,16,64 GB,16,0.04136253
10,4,1,1G,56 GB,16,64 GB,16,0.041062802
10,4,1,1G,56 GB,16,64 GB,16,0.040767386
10,4,1,1G,56 GB,16,64 GB,16,0.04047619
10,4,1,1G,56 GB,16,64 GB,16,0.040189125
5,4,1,1G,56 GB,16,64 GB,16,0.039906103
5,4,1,1G,56 GB,16,64 GB,16,0.041958042
5,4,1,1G,56 GB,16,64 GB,16,0.041666667
5,4,1,1G,56 GB,16,64 GB,16,0.04137931
5,4,1,1G,56 GB,16,64 GB,16,0.04109589
5,4,1,1G,56 GB,16,64 GB,16,0.040816327
5,4,1,1G,56 GB,16,64 GB,16,0.040540541
5,4,1,1G,56 GB,16,64 GB,16,0.040268456
5,4,1,1G,56 GB,16,64 GB,16,0.04
5,4,1,1G,56 GB,16,64 GB,16,0.041942605
5,4,1,1G,56 GB,16,64 GB,16,0.041666667
5,4,1,1G,56 GB,16,64 GB,16,0.041394336
5,4,1,1G,56 GB,16,64 GB,16,0.041125541
5,4,1,1G,56 GB,16,64 GB,16,0.040860215
5,4,1,1G,56 GB,16,64 GB,16,0.040598291
5,4,1,1G,56 GB,16,64 GB,16,0.040339703
5,4,1,1G,56 GB,16,64 GB,16,0.040084388
5,4,1,1G,56 GB,16,64 GB,16,0.039832285
5,4,1,1G,56 GB,16,64 GB,16,0.041666667
